species,development,temperature,year,plot
Cardamine_alpina,0.010989011,5.815157634,2014,SC5
Cardamine_alpina,0.010989011,5.815157634,2014,SC5
Cardamine_alpina,0.010989011,5.815157634,2014,SC5
Cardamine_alpina,0.010989011,5.815157634,2014,SC5
Cardamine_alpina,0.010989011,5.815157634,2014,SC5
Cardamine_alpina,0.011363636,5.628632477,2014,SC4
Cardamine_alpina,0.011363636,5.628632477,2014,SC4
Cardamine_alpina,0.011363636,5.628632477,2014,SC4
Cardamine_alpina,0.011494253,5.202148285,2014,PC2
Cardamine_alpina,0.011494253,5.202148285,2014,PC3
Cardamine_alpina,0.011764706,6.111588034,2014,SC1
Cardamine_alpina,0.011764706,6.111588034,2014,SC2
Cardamine_alpina,0.011764706,6.111588034,2014,SC2
Cardamine_alpina,0.011764706,6.111588034,2014,SC2
Cardamine_alpina,0.011764706,6.111588034,2014,SC2
Cardamine_alpina,0.011764706,6.111588034,2014,SC2
Cardamine_alpina,0.011764706,6.111588034,2014,SC2
Cardamine_alpina,0.011764706,6.111588034,2014,SC2
Cardamine_alpina,0.011764706,6.111588034,2014,SC2
Cardamine_alpina,0.011764706,6.111588034,2014,SC3
Cardamine_alpina,0.011764706,6.111588034,2014,SC3
Cardamine_alpina,0.011764706,6.111588034,2014,SC3
Cardamine_alpina,0.011764706,6.111588034,2014,SC3
Cardamine_alpina,0.011764706,6.111588034,2014,SC3
Cardamine_alpina,0.011764706,6.111588034,2014,SC3
Cardamine_alpina,0.012048193,6.080333921,2014,SC5
Cardamine_alpina,0.012048193,6.080333921,2014,SC5
Cardamine_alpina,0.012048193,6.080333921,2014,SC5
Cardamine_alpina,0.012048193,6.080333921,2014,SC5
Cardamine_alpina,0.012048193,6.080333921,2014,SC5
Cardamine_alpina,0.012048193,6.080333921,2014,SC5
Cardamine_alpina,0.012048193,6.080333921,2014,SC5
Cardamine_alpina,0.012345679,7.094686566,2014,ST5
Cardamine_alpina,0.0125,6.352457864,2014,PT4
Cardamine_alpina,0.0125,6.352457864,2014,PT4
Cardamine_alpina,0.0125,5.884990126,2014,SC4
Cardamine_alpina,0.012820513,7.761260467,2011,SC3
Cardamine_alpina,0.012820513,7.761260467,2011,SC3
Cardamine_alpina,0.012820513,8.392562043,2012,PC3
Cardamine_alpina,0.012987013,7.577340255,2013,SC4
Cardamine_alpina,0.012987013,6.280974859,2014,SC1
Cardamine_alpina,0.012987013,6.280974859,2014,SC2
Cardamine_alpina,0.012987013,6.280974859,2014,SC3
Cardamine_alpina,0.012987013,6.280974859,2014,SC3
Cardamine_alpina,0.012987013,6.280974859,2014,SC3
Cardamine_alpina,0.012987013,6.280974859,2014,SC3
Cardamine_alpina,0.012987013,6.280974859,2014,SC3
Cardamine_alpina,0.012987013,6.280974859,2014,SC3
Cardamine_alpina,0.012987013,6.280974859,2014,SC3
Cardamine_alpina,0.013157895,7.557820113,2013,SC5
Cardamine_alpina,0.013513514,7.445511258,2013,PC3
Cardamine_alpina,0.013513514,7.445511258,2013,PC3
Cardamine_alpina,0.01369863,7.611869528,2010,SC5
Cardamine_alpina,0.01369863,7.611869528,2010,SC5
Cardamine_alpina,0.01369863,7.611869528,2010,SC5
Cardamine_alpina,0.01369863,7.611869528,2010,SC5
Cardamine_alpina,0.01369863,7.611869528,2010,SC5
Cardamine_alpina,0.01369863,7.611869528,2010,SC5
Cardamine_alpina,0.01369863,7.611869528,2010,SC5
Cardamine_alpina,0.01369863,7.611869528,2010,SC5
Cardamine_alpina,0.01369863,7.611869528,2010,SC5
Cardamine_alpina,0.01369863,7.871380789,2011,SC5
Cardamine_alpina,0.01369863,7.871380789,2011,SC5
Cardamine_alpina,0.01369863,7.871380789,2011,SC5
Cardamine_alpina,0.01369863,7.871380789,2011,SC5
Cardamine_alpina,0.01369863,9.68898513,2011,ST5
Cardamine_alpina,0.01369863,9.68898513,2011,ST5
Cardamine_alpina,0.01369863,7.424486929,2013,PC2
Cardamine_alpina,0.01369863,7.424486929,2013,PC2
Cardamine_alpina,0.01369863,7.424486929,2013,PC5
Cardamine_alpina,0.01369863,7.159341451,2014,PT3
Cardamine_alpina,0.01369863,7.159341451,2014,PT3
Cardamine_alpina,0.01369863,7.159341451,2014,PT3
Cardamine_alpina,0.01369863,7.159341451,2014,PT3
Cardamine_alpina,0.01369863,7.159341451,2014,PT3
Cardamine_alpina,0.01369863,7.159341451,2014,PT3
Cardamine_alpina,0.01369863,7.159341451,2014,PT5
Cardamine_alpina,0.01369863,7.159341451,2014,PT5
Cardamine_alpina,0.01369863,7.159341451,2014,PT5
Cardamine_alpina,0.01369863,7.159341451,2014,PT5
Cardamine_alpina,0.01369863,7.159341451,2014,PT5
Cardamine_alpina,0.01369863,7.159341451,2014,PT5
Cardamine_alpina,0.01369863,7.159341451,2014,PT5
Cardamine_alpina,0.01369863,7.159341451,2014,PT5
Cardamine_alpina,0.01369863,7.274549503,2014,ST1
Cardamine_alpina,0.01369863,7.274549503,2014,ST5
Cardamine_alpina,0.01369863,7.274549503,2014,ST5
Cardamine_alpina,0.01369863,7.274549503,2014,ST5
Cardamine_alpina,0.01369863,7.274549503,2014,ST5
Cardamine_alpina,0.01369863,7.274549503,2014,ST5
Cardamine_alpina,0.01369863,7.274549503,2014,ST5
Cardamine_alpina,0.01369863,7.274549503,2014,ST5
Cardamine_alpina,0.01369863,7.274549503,2014,ST5
Cardamine_alpina,0.01369863,7.274549503,2014,ST5
Cardamine_alpina,0.013888889,7.732563747,2013,SC4
Cardamine_alpina,0.013888889,7.080348724,2014,PT1
Cardamine_alpina,0.013888889,6.704734024,2014,PT4
Cardamine_alpina,0.013888889,6.704734024,2014,PT4
Cardamine_alpina,0.013888889,6.704734024,2014,PT4
Cardamine_alpina,0.013888889,6.704734024,2014,PT4
Cardamine_alpina,0.013888889,7.184190693,2014,ST4
Cardamine_alpina,0.013888889,7.184190693,2014,ST4
Cardamine_alpina,0.013888889,7.184190693,2014,ST4
Cardamine_alpina,0.013888889,7.184190693,2014,ST4
Cardamine_alpina,0.013888889,7.184190693,2014,ST4
Cardamine_alpina,0.013888889,7.184190693,2014,ST4
Cardamine_alpina,0.013888889,7.184190693,2014,ST4
Cardamine_alpina,0.013888889,7.184190693,2014,ST4
Cardamine_alpina,0.013888889,7.184190693,2014,ST4
Cardamine_alpina,0.014084507,7.881613529,2011,SC4
Cardamine_alpina,0.014084507,7.881613529,2011,SC4
Cardamine_alpina,0.014084507,7.881613529,2011,SC4
Cardamine_alpina,0.014084507,7.881613529,2011,SC4
Cardamine_alpina,0.014084507,7.713866788,2013,SC5
Cardamine_alpina,0.014084507,7.713866788,2013,SC5
Cardamine_alpina,0.014084507,7.713866788,2013,SC5
Cardamine_alpina,0.014084507,6.999099061,2014,PT2
Cardamine_alpina,0.014084507,6.999099061,2014,PT2
Cardamine_alpina,0.014084507,6.999099061,2014,PT2
Cardamine_alpina,0.014285714,8.660138077,2012,PC2
Cardamine_alpina,0.014285714,8.660138077,2012,PC2
Cardamine_alpina,0.014285714,7.603740866,2014,ST3
Cardamine_alpina,0.014285714,7.603740866,2014,ST3
Cardamine_alpina,0.014492754,7.091716285,2010,PC2
Cardamine_alpina,0.014492754,7.091716285,2010,PC2
Cardamine_alpina,0.014492754,7.091716285,2010,PC2
Cardamine_alpina,0.014492754,7.091716285,2010,PC2
Cardamine_alpina,0.014492754,7.091716285,2010,PC2
Cardamine_alpina,0.014492754,7.091716285,2010,PC3
Cardamine_alpina,0.014492754,7.091716285,2010,PC3
Cardamine_alpina,0.014492754,7.091716285,2010,PC3
Cardamine_alpina,0.014492754,7.091716285,2010,PC3
Cardamine_alpina,0.014492754,7.091716285,2010,PC3
Cardamine_alpina,0.014492754,7.091716285,2010,PC5
Cardamine_alpina,0.014492754,7.838156936,2011,PC2
Cardamine_alpina,0.014492754,7.838156936,2011,PC2
Cardamine_alpina,0.014492754,7.838156936,2011,PC2
Cardamine_alpina,0.014492754,7.838156936,2011,PC2
Cardamine_alpina,0.014492754,7.838156936,2011,PC2
Cardamine_alpina,0.014492754,7.838156936,2011,PC2
Cardamine_alpina,0.014492754,7.838156936,2011,PC2
Cardamine_alpina,0.014492754,7.838156936,2011,PC2
Cardamine_alpina,0.014492754,7.838156936,2011,PC3
Cardamine_alpina,0.014492754,7.838156936,2011,PC3
Cardamine_alpina,0.014492754,7.838156936,2011,PC3
Cardamine_alpina,0.014492754,7.838156936,2011,PC3
Cardamine_alpina,0.014492754,7.838156936,2011,PC3
Cardamine_alpina,0.014492754,7.838156936,2011,PC3
Cardamine_alpina,0.014492754,7.838156936,2011,PC3
Cardamine_alpina,0.014492754,7.838156936,2011,PC5
Cardamine_alpina,0.014492754,7.838156936,2011,PC5
Cardamine_alpina,0.014492754,7.838156936,2011,PC5
Cardamine_alpina,0.014492754,7.838156936,2011,PC5
Cardamine_alpina,0.014492754,7.546813118,2011,SC2
Cardamine_alpina,0.014492754,7.546813118,2011,SC2
Cardamine_alpina,0.014492754,7.546813118,2011,SC2
Cardamine_alpina,0.014492754,7.546813118,2011,SC2
Cardamine_alpina,0.014492754,9.444390182,2011,ST2
Cardamine_alpina,0.014492754,8.651099667,2012,PC5
Cardamine_alpina,0.014492754,8.651099667,2012,PC5
Cardamine_alpina,0.014492754,8.651099667,2012,PC5
Cardamine_alpina,0.014492754,7.606157,2013,PC3
Cardamine_alpina,0.014492754,7.606157,2013,PC3
Cardamine_alpina,0.014492754,7.606157,2013,PC3
Cardamine_alpina,0.014492754,7.606157,2013,PC3
Cardamine_alpina,0.014492754,7.606157,2013,PC3
Cardamine_alpina,0.014492754,7.978305216,2013,SC2
Cardamine_alpina,0.014705882,7.555737568,2011,SC3
Cardamine_alpina,0.014705882,7.555737568,2011,SC3
Cardamine_alpina,0.014705882,7.555737568,2011,SC3
Cardamine_alpina,0.014705882,7.555737568,2011,SC3
Cardamine_alpina,0.014705882,7.555737568,2011,SC3
Cardamine_alpina,0.014705882,7.555737568,2011,SC3
Cardamine_alpina,0.014705882,7.555737568,2011,SC3
Cardamine_alpina,0.014705882,7.555737568,2011,SC3
Cardamine_alpina,0.014705882,7.555737568,2011,SC3
Cardamine_alpina,0.014705882,7.555737568,2011,SC3
Cardamine_alpina,0.014705882,7.555737568,2011,SC3
Cardamine_alpina,0.014705882,7.555737568,2011,SC3
Cardamine_alpina,0.014705882,7.555737568,2011,SC3
Cardamine_alpina,0.014705882,7.555737568,2011,SC3
Cardamine_alpina,0.014705882,7.555737568,2011,SC3
Cardamine_alpina,0.014705882,7.555737568,2011,SC3
Cardamine_alpina,0.014705882,7.555737568,2011,SC3
Cardamine_alpina,0.014705882,7.555737568,2011,SC3
Cardamine_alpina,0.014705882,7.555737568,2011,SC3
Cardamine_alpina,0.014705882,7.555737568,2011,SC3
Cardamine_alpina,0.014705882,7.555737568,2011,SC3
Cardamine_alpina,0.014705882,7.555737568,2011,SC3
Cardamine_alpina,0.014705882,7.555737568,2011,SC3
Cardamine_alpina,0.014705882,7.555737568,2011,SC3
Cardamine_alpina,0.014705882,7.555737568,2011,SC3
Cardamine_alpina,0.014705882,7.555737568,2011,SC3
Cardamine_alpina,0.014705882,7.585961388,2013,PC2
Cardamine_alpina,0.014705882,7.585961388,2013,PC2
Cardamine_alpina,0.014705882,7.585961388,2013,PC2
Cardamine_alpina,0.014705882,7.585961388,2013,PC5
Cardamine_alpina,0.014705882,7.342399686,2014,PT3
Cardamine_alpina,0.014705882,7.342399686,2014,PT3
Cardamine_alpina,0.014705882,7.342399686,2014,PT3
Cardamine_alpina,0.014705882,7.342399686,2014,PT3
Cardamine_alpina,0.014705882,7.342399686,2014,PT5
Cardamine_alpina,0.014705882,7.342399686,2014,PT5
Cardamine_alpina,0.014705882,7.342399686,2014,PT5
Cardamine_alpina,0.014705882,7.342399686,2014,PT5
Cardamine_alpina,0.014705882,7.342399686,2014,PT5
Cardamine_alpina,0.014705882,7.814704536,2014,ST2
Cardamine_alpina,0.014705882,7.43370328,2014,ST5
Cardamine_alpina,0.014925373,7.920643747,2013,SC3
Cardamine_alpina,0.014925373,7.920643747,2013,SC3
Cardamine_alpina,0.014925373,7.920643747,2013,SC3
Cardamine_alpina,0.014925373,7.920643747,2013,SC3
Cardamine_alpina,0.014925373,7.920643747,2013,SC3
Cardamine_alpina,0.014925373,7.920643747,2013,SC3
Cardamine_alpina,0.014925373,7.338910526,2014,ST4
Cardamine_alpina,0.014925373,7.338910526,2014,ST4
Cardamine_alpina,0.015151515,8.506630518,2012,PC4
Cardamine_alpina,0.015151515,7.025635515,2013,PC4
Cardamine_alpina,0.015151515,7.025635515,2013,PC4
Cardamine_alpina,0.015151515,7.025635515,2013,PC4
Cardamine_alpina,0.015151515,7.025635515,2013,PC4
Cardamine_alpina,0.015151515,7.025635515,2013,PC4
Cardamine_alpina,0.015151515,7.025635515,2013,PC4
Cardamine_alpina,0.015151515,8.396722627,2013,PT4
Cardamine_alpina,0.015151515,8.396722627,2013,PT4
Cardamine_alpina,0.015151515,7.874766746,2013,SC4
Cardamine_alpina,0.015151515,7.874766746,2013,SC4
Cardamine_alpina,0.015151515,7.874766746,2013,SC4
Cardamine_alpina,0.015151515,7.874766746,2013,SC4
Cardamine_alpina,0.015384615,8.072031679,2010,SC4
Cardamine_alpina,0.015384615,8.072031679,2010,SC4
Cardamine_alpina,0.015384615,9.242178777,2012,SC5
Cardamine_alpina,0.015384615,9.242178777,2012,SC5
Cardamine_alpina,0.015384615,9.242178777,2012,SC5
Cardamine_alpina,0.015384615,9.242178777,2012,SC5
Cardamine_alpina,0.015384615,9.242178777,2012,SC5
Cardamine_alpina,0.015384615,9.242178777,2012,SC5
Cardamine_alpina,0.015384615,9.242178777,2012,SC5
Cardamine_alpina,0.015384615,9.242178777,2012,SC5
Cardamine_alpina,0.015384615,9.242178777,2012,SC5
Cardamine_alpina,0.015384615,7.856538869,2013,SC5
Cardamine_alpina,0.015384615,7.856538869,2013,SC5
Cardamine_alpina,0.015384615,9.665935433,2013,ST5
Cardamine_alpina,0.015625,6.663322344,2010,PC4
Cardamine_alpina,0.015625,6.663322344,2010,PC4
Cardamine_alpina,0.015625,6.663322344,2010,PC4
Cardamine_alpina,0.015625,8.595891382,2010,PT4
Cardamine_alpina,0.015625,7.590471005,2011,PC4
Cardamine_alpina,0.015625,7.590471005,2011,PC4
Cardamine_alpina,0.015625,7.590471005,2011,PC4
Cardamine_alpina,0.015625,7.590471005,2011,PC4
Cardamine_alpina,0.015625,7.590471005,2011,PC4
Cardamine_alpina,0.015625,7.590471005,2011,PC4
Cardamine_alpina,0.015625,7.590471005,2011,PC4
Cardamine_alpina,0.015625,7.590471005,2011,PC4
Cardamine_alpina,0.015625,7.590471005,2011,PC4
Cardamine_alpina,0.015625,9.310608609,2011,PT4
Cardamine_alpina,0.015625,9.310608609,2011,PT4
Cardamine_alpina,0.015625,9.310608609,2011,PT4
Cardamine_alpina,0.015625,9.310608609,2011,PT4
Cardamine_alpina,0.015625,9.310608609,2011,PT4
Cardamine_alpina,0.015625,9.310608609,2011,PT4
Cardamine_alpina,0.015625,9.310608609,2011,PT4
Cardamine_alpina,0.015625,8.518911433,2013,SC1
Cardamine_alpina,0.015625,6.945826792,2014,PT4
Cardamine_alpina,0.015873016,8.029017503,2010,SC5
Cardamine_alpina,0.015873016,8.029017503,2010,SC5
Cardamine_alpina,0.015873016,8.029017503,2010,SC5
Cardamine_alpina,0.015873016,8.029017503,2010,SC5
Cardamine_alpina,0.015873016,8.029017503,2010,SC5
Cardamine_alpina,0.015873016,8.029017503,2010,SC5
Cardamine_alpina,0.015873016,8.029017503,2010,SC5
Cardamine_alpina,0.015873016,8.029017503,2010,SC5
Cardamine_alpina,0.015873016,8.029017503,2010,SC5
Cardamine_alpina,0.015873016,8.029017503,2010,SC5
Cardamine_alpina,0.015873016,8.029017503,2010,SC5
Cardamine_alpina,0.015873016,9.612994217,2010,ST4
Cardamine_alpina,0.015873016,9.612994217,2010,ST4
Cardamine_alpina,0.015873016,9.612994217,2010,ST4
Cardamine_alpina,0.015873016,9.612994217,2010,ST5
Cardamine_alpina,0.015873016,9.612994217,2010,ST5
Cardamine_alpina,0.015873016,9.612994217,2010,ST5
Cardamine_alpina,0.015873016,9.612994217,2010,ST5
Cardamine_alpina,0.015873016,9.612994217,2010,ST5
Cardamine_alpina,0.015873016,9.612994217,2010,ST5
Cardamine_alpina,0.015873016,9.612994217,2010,ST5
Cardamine_alpina,0.015873016,9.612994217,2010,ST5
Cardamine_alpina,0.015873016,9.612994217,2010,ST5
Cardamine_alpina,0.015873016,9.612994217,2010,ST5
Cardamine_alpina,0.015873016,9.612994217,2010,ST5
Cardamine_alpina,0.015873016,9.612994217,2010,ST5
Cardamine_alpina,0.015873016,9.612994217,2010,ST5
Cardamine_alpina,0.015873016,9.612994217,2010,ST5
Cardamine_alpina,0.015873016,7.667044805,2011,SC5
Cardamine_alpina,0.015873016,7.667044805,2011,SC5
Cardamine_alpina,0.015873016,7.667044805,2011,SC5
Cardamine_alpina,0.015873016,9.55630576,2011,ST5
Cardamine_alpina,0.015873016,9.55630576,2011,ST5
Cardamine_alpina,0.015873016,9.55630576,2011,ST5
Cardamine_alpina,0.015873016,9.55630576,2011,ST5
Cardamine_alpina,0.015873016,9.55630576,2011,ST5
Cardamine_alpina,0.015873016,9.55630576,2011,ST5
Cardamine_alpina,0.015873016,9.55630576,2011,ST5
Cardamine_alpina,0.015873016,9.55630576,2011,ST5
Cardamine_alpina,0.015873016,9.55630576,2011,ST5
Cardamine_alpina,0.015873016,9.55630576,2011,ST5
Cardamine_alpina,0.015873016,9.55630576,2011,ST5
Cardamine_alpina,0.015873016,9.55630576,2011,ST5
Cardamine_alpina,0.015873016,9.55630576,2011,ST5
Cardamine_alpina,0.015873016,9.55630576,2011,ST5
Cardamine_alpina,0.015873016,9.55630576,2011,ST5
Cardamine_alpina,0.015873016,9.55630576,2011,ST5
Cardamine_alpina,0.015873016,9.55630576,2011,ST5
Cardamine_alpina,0.015873016,9.55630576,2011,ST5
Cardamine_alpina,0.015873016,9.55630576,2011,ST5
Cardamine_alpina,0.015873016,9.55630576,2011,ST5
Cardamine_alpina,0.015873016,9.55630576,2011,ST5
Cardamine_alpina,0.015873016,9.55630576,2011,ST5
Cardamine_alpina,0.015873016,9.55630576,2011,ST5
Cardamine_alpina,0.015873016,9.55630576,2011,ST5
Cardamine_alpina,0.015873016,9.55630576,2011,ST5
Cardamine_alpina,0.015873016,9.55630576,2011,ST5
Cardamine_alpina,0.015873016,9.55630576,2011,ST5
Cardamine_alpina,0.015873016,9.55630576,2011,ST5
Cardamine_alpina,0.015873016,9.55630576,2011,ST5
Cardamine_alpina,0.015873016,9.55630576,2011,ST5
Cardamine_alpina,0.015873016,9.146793452,2012,PC2
Cardamine_alpina,0.015873016,9.146793452,2012,PC2
Cardamine_alpina,0.015873016,9.146793452,2012,PC2
Cardamine_alpina,0.015873016,9.146793452,2012,PC2
Cardamine_alpina,0.015873016,9.146793452,2012,PC2
Cardamine_alpina,0.015873016,7.798985702,2013,PC3
Cardamine_alpina,0.015873016,7.798985702,2013,PC3
Cardamine_alpina,0.015873016,9.189249936,2013,PT5
Cardamine_alpina,0.015873016,9.189249936,2013,PT5
Cardamine_alpina,0.015873016,9.189249936,2013,PT5
Cardamine_alpina,0.016129032,9.144695804,2012,PC3
Cardamine_alpina,0.016129032,9.144695804,2012,PC3
Cardamine_alpina,0.016129032,9.144695804,2012,PC3
Cardamine_alpina,0.016129032,9.144695804,2012,PC3
Cardamine_alpina,0.016129032,9.144695804,2012,PC3
Cardamine_alpina,0.016129032,9.144695804,2012,PC3
Cardamine_alpina,0.016129032,9.144695804,2012,PC5
Cardamine_alpina,0.016129032,9.144695804,2012,PC5
Cardamine_alpina,0.016129032,11.06124246,2012,PT5
Cardamine_alpina,0.016129032,8.926327899,2012,SC2
Cardamine_alpina,0.016129032,8.926327899,2012,SC2
Cardamine_alpina,0.016129032,8.926327899,2012,SC2
Cardamine_alpina,0.016129032,8.926327899,2012,SC2
Cardamine_alpina,0.016129032,8.926327899,2012,SC2
Cardamine_alpina,0.016129032,8.926327899,2012,SC2
Cardamine_alpina,0.016129032,8.926327899,2012,SC2
Cardamine_alpina,0.016129032,8.926327899,2012,SC2
Cardamine_alpina,0.016129032,8.926327899,2012,SC2
Cardamine_alpina,0.016129032,8.926327899,2012,SC2
Cardamine_alpina,0.016129032,7.779964763,2013,PC2
Cardamine_alpina,0.016129032,7.501260493,2014,PT3
Cardamine_alpina,0.016129032,7.501260493,2014,PT3
Cardamine_alpina,0.016129032,7.501260493,2014,PT3
Cardamine_alpina,0.016129032,7.599579832,2014,ST5
Cardamine_alpina,0.016393443,7.672171802,2011,SC4
Cardamine_alpina,0.016393443,7.672171802,2011,SC4
Cardamine_alpina,0.016393443,7.672171802,2011,SC4
Cardamine_alpina,0.016393443,7.672171802,2011,SC4
Cardamine_alpina,0.016393443,7.672171802,2011,SC4
Cardamine_alpina,0.016393443,7.672171802,2011,SC4
Cardamine_alpina,0.016393443,7.672171802,2011,SC4
Cardamine_alpina,0.016393443,9.55256873,2011,ST4
Cardamine_alpina,0.016393443,9.55256873,2011,ST4
Cardamine_alpina,0.016393443,9.55256873,2011,ST4
Cardamine_alpina,0.016393443,9.55256873,2011,ST4
Cardamine_alpina,0.016393443,9.55256873,2011,ST4
Cardamine_alpina,0.016393443,9.55256873,2011,ST4
Cardamine_alpina,0.016393443,9.55256873,2011,ST4
Cardamine_alpina,0.016393443,9.55256873,2011,ST4
Cardamine_alpina,0.016393443,9.55256873,2011,ST4
Cardamine_alpina,0.016393443,9.55256873,2011,ST4
Cardamine_alpina,0.016393443,9.55256873,2011,ST4
Cardamine_alpina,0.016393443,9.55256873,2011,ST4
Cardamine_alpina,0.016393443,9.55256873,2011,ST4
Cardamine_alpina,0.016393443,9.55256873,2011,ST4
Cardamine_alpina,0.016393443,9.55256873,2011,ST4
Cardamine_alpina,0.016393443,9.55256873,2011,ST4
Cardamine_alpina,0.016393443,9.55256873,2011,ST4
Cardamine_alpina,0.016393443,9.55256873,2011,ST4
Cardamine_alpina,0.016393443,9.55256873,2011,ST4
Cardamine_alpina,0.016393443,9.55256873,2011,ST4
Cardamine_alpina,0.016393443,9.55256873,2011,ST4
Cardamine_alpina,0.016393443,8.898546969,2012,SC1
Cardamine_alpina,0.016393443,9.263268139,2012,SC3
Cardamine_alpina,0.016393443,9.263268139,2012,SC3
Cardamine_alpina,0.016393443,9.263268139,2012,SC3
Cardamine_alpina,0.016393443,9.263268139,2012,SC3
Cardamine_alpina,0.016393443,9.263268139,2012,SC3
Cardamine_alpina,0.016393443,9.263268139,2012,SC3
Cardamine_alpina,0.016393443,9.263268139,2012,SC3
Cardamine_alpina,0.016393443,9.263268139,2012,SC3
Cardamine_alpina,0.016393443,9.263268139,2012,SC3
Cardamine_alpina,0.016393443,9.263268139,2012,SC3
Cardamine_alpina,0.016393443,9.151729607,2013,PT2
Cardamine_alpina,0.016666667,9.292772684,2012,SC4
Cardamine_alpina,0.016666667,9.292772684,2012,SC4
Cardamine_alpina,0.016666667,9.292772684,2012,SC4
Cardamine_alpina,0.016666667,9.292772684,2012,SC4
Cardamine_alpina,0.016666667,9.292772684,2012,SC4
Cardamine_alpina,0.016666667,9.292772684,2012,SC4
Cardamine_alpina,0.016666667,8.861991479,2012,SC5
Cardamine_alpina,0.016666667,10.93459422,2013,ST3
Cardamine_alpina,0.016666667,10.21319276,2013,ST4
Cardamine_alpina,0.016949153,7.476946906,2010,PC3
Cardamine_alpina,0.016949153,7.476946906,2010,PC5
Cardamine_alpina,0.016949153,7.476946906,2010,PC5
Cardamine_alpina,0.016949153,7.476946906,2010,PC5
Cardamine_alpina,0.016949153,7.476946906,2010,PC5
Cardamine_alpina,0.016949153,7.476946906,2010,PC5
Cardamine_alpina,0.016949153,9.522011502,2010,PT3
Cardamine_alpina,0.016949153,9.522011502,2010,PT3
Cardamine_alpina,0.016949153,9.522011502,2010,PT3
Cardamine_alpina,0.016949153,9.522011502,2010,PT3
Cardamine_alpina,0.016949153,7.666071925,2011,PC2
Cardamine_alpina,0.016949153,7.666071925,2011,PC3
Cardamine_alpina,0.016949153,7.666071925,2011,PC5
Cardamine_alpina,0.016949153,7.666071925,2011,PC5
Cardamine_alpina,0.016949153,9.596937419,2011,PT3
Cardamine_alpina,0.016949153,9.596937419,2011,PT3
Cardamine_alpina,0.016949153,9.596937419,2011,PT3
Cardamine_alpina,0.016949153,9.596937419,2011,PT3
Cardamine_alpina,0.016949153,9.596937419,2011,PT3
Cardamine_alpina,0.016949153,9.596937419,2011,PT3
Cardamine_alpina,0.016949153,9.596937419,2011,PT3
Cardamine_alpina,0.016949153,9.596937419,2011,PT3
Cardamine_alpina,0.016949153,9.596937419,2011,PT3
Cardamine_alpina,0.016949153,9.596937419,2011,PT3
Cardamine_alpina,0.016949153,9.596937419,2011,PT3
Cardamine_alpina,0.016949153,9.596937419,2011,PT3
Cardamine_alpina,0.016949153,9.596937419,2011,PT3
Cardamine_alpina,0.016949153,9.596937419,2011,PT3
Cardamine_alpina,0.016949153,9.596937419,2011,PT3
Cardamine_alpina,0.016949153,9.596937419,2011,PT3
Cardamine_alpina,0.016949153,9.596937419,2011,PT3
Cardamine_alpina,0.016949153,9.596937419,2011,PT3
Cardamine_alpina,0.016949153,9.596937419,2011,PT3
Cardamine_alpina,0.016949153,9.596937419,2011,PT5
Cardamine_alpina,0.016949153,9.596937419,2011,PT5
Cardamine_alpina,0.016949153,9.596937419,2011,PT5
Cardamine_alpina,0.016949153,9.596937419,2011,PT5
Cardamine_alpina,0.016949153,9.596937419,2011,PT5
Cardamine_alpina,0.016949153,9.596937419,2011,PT5
Cardamine_alpina,0.016949153,9.596937419,2011,PT5
Cardamine_alpina,0.016949153,9.596937419,2011,PT5
Cardamine_alpina,0.016949153,9.596937419,2011,PT5
Cardamine_alpina,0.016949153,9.596937419,2011,PT5
Cardamine_alpina,0.016949153,9.596937419,2011,PT5
Cardamine_alpina,0.016949153,9.596937419,2011,PT5
Cardamine_alpina,0.016949153,9.596937419,2011,PT5
Cardamine_alpina,0.016949153,9.596937419,2011,PT5
Cardamine_alpina,0.016949153,9.596937419,2011,PT5
Cardamine_alpina,0.016949153,9.596937419,2011,PT5
Cardamine_alpina,0.016949153,9.596937419,2011,PT5
Cardamine_alpina,0.016949153,9.596937419,2011,PT5
Cardamine_alpina,0.016949153,9.596937419,2011,PT5
Cardamine_alpina,0.016949153,9.596937419,2011,PT5
Cardamine_alpina,0.016949153,9.596937419,2011,PT5
Cardamine_alpina,0.016949153,9.596937419,2011,PT5
Cardamine_alpina,0.016949153,9.596937419,2011,PT5
Cardamine_alpina,0.016949153,9.006538797,2011,ST1
Cardamine_alpina,0.016949153,9.008321558,2012,PC4
Cardamine_alpina,0.016949153,9.008321558,2012,PC4
Cardamine_alpina,0.016949153,9.008321558,2012,PC4
Cardamine_alpina,0.016949153,9.008321558,2012,PC4
Cardamine_alpina,0.016949153,9.008321558,2012,PC4
Cardamine_alpina,0.016949153,10.79824713,2012,ST5
Cardamine_alpina,0.016949153,9.029051068,2013,SC1
Cardamine_alpina,0.016949153,9.029051068,2013,SC1
Cardamine_alpina,0.016949153,9.029051068,2013,SC1
Cardamine_alpina,0.016949153,10.20583608,2013,ST5
Cardamine_alpina,0.016949153,10.20583608,2013,ST5
Cardamine_alpina,0.017241379,9.033967174,2010,SC3
Cardamine_alpina,0.017241379,9.140544827,2012,PC2
Cardamine_alpina,0.017241379,9.140544827,2012,PC2
Cardamine_alpina,0.017241379,9.013537362,2013,SC2
Cardamine_alpina,0.017241379,9.013537362,2013,SC2
Cardamine_alpina,0.017241379,9.013537362,2013,SC2
Cardamine_alpina,0.017241379,9.013537362,2013,SC2
Cardamine_alpina,0.017241379,9.013537362,2013,SC2
Cardamine_alpina,0.017241379,9.013537362,2013,SC2
Cardamine_alpina,0.01754386,9.138148306,2012,PC3
Cardamine_alpina,0.01754386,11.07022988,2012,PT3
Cardamine_alpina,0.01754386,11.07022988,2012,PT5
Cardamine_alpina,0.01754386,11.07022988,2012,PT5
Cardamine_alpina,0.01754386,11.07022988,2012,PT5
Cardamine_alpina,0.01754386,11.07022988,2012,PT5
Cardamine_alpina,0.01754386,11.07022988,2012,PT5
Cardamine_alpina,0.01754386,11.07022988,2012,PT5
Cardamine_alpina,0.01754386,9.744225376,2013,PT3
Cardamine_alpina,0.01754386,9.744225376,2013,PT5
Cardamine_alpina,0.01754386,9.744225376,2013,PT5
Cardamine_alpina,0.017857143,8.857348071,2012,SC3
Cardamine_alpina,0.017857143,8.981988405,2013,SC3
Cardamine_alpina,0.017857143,8.981988405,2013,SC3
Cardamine_alpina,0.017857143,8.981988405,2013,SC3
Cardamine_alpina,0.018181818,9.071162272,2011,ST5
Cardamine_alpina,0.018181818,9.071162272,2011,ST5
Cardamine_alpina,0.018181818,8.871117002,2012,SC1
Cardamine_alpina,0.018181818,8.882067479,2012,SC4
Cardamine_alpina,0.018181818,8.882067479,2012,SC4
Cardamine_alpina,0.018181818,8.882067479,2012,SC4
Cardamine_alpina,0.018181818,8.882067479,2012,SC4
Cardamine_alpina,0.018181818,10.90195959,2012,ST3
Cardamine_alpina,0.018181818,10.90195959,2012,ST3
Cardamine_alpina,0.018181818,10.90195959,2012,ST3
Cardamine_alpina,0.018181818,9.723090767,2013,PT2
Cardamine_alpina,0.018181818,8.76367847,2013,PT4
Cardamine_alpina,0.018181818,8.76367847,2013,PT4
Cardamine_alpina,0.018181818,8.76367847,2013,PT4
Cardamine_alpina,0.018181818,8.76367847,2013,PT4
Cardamine_alpina,0.018181818,8.94642062,2013,SC4
Cardamine_alpina,0.018181818,8.94642062,2013,SC4
Cardamine_alpina,0.018181818,10.72860567,2013,ST4
Cardamine_alpina,0.018181818,10.72860567,2013,ST4
Cardamine_alpina,0.018181818,10.72860567,2013,ST4
Cardamine_alpina,0.018181818,10.72860567,2013,ST4
Cardamine_alpina,0.018181818,10.72860567,2013,ST4
Cardamine_alpina,0.018181818,10.72860567,2013,ST4
Cardamine_alpina,0.018181818,10.72860567,2013,ST4
Cardamine_alpina,0.018181818,10.72860567,2013,ST4
Cardamine_alpina,0.018518519,8.944888318,2010,PT4
Cardamine_alpina,0.018518519,8.944888318,2010,PT4
Cardamine_alpina,0.018518519,8.944888318,2010,PT4
Cardamine_alpina,0.018518519,8.944888318,2010,PT4
Cardamine_alpina,0.018518519,8.944888318,2010,PT4
Cardamine_alpina,0.018518519,8.944888318,2010,PT4
Cardamine_alpina,0.018518519,8.944888318,2010,PT4
Cardamine_alpina,0.018518519,8.944888318,2010,PT4
Cardamine_alpina,0.018518519,9.107219773,2011,PT4
Cardamine_alpina,0.018518519,9.107219773,2011,PT4
Cardamine_alpina,0.018518519,9.107219773,2011,PT4
Cardamine_alpina,0.018518519,9.107219773,2011,PT4
Cardamine_alpina,0.018518519,9.107219773,2011,PT4
Cardamine_alpina,0.018518519,9.107219773,2011,PT4
Cardamine_alpina,0.018518519,9.107219773,2011,PT4
Cardamine_alpina,0.018518519,9.107219773,2011,PT4
Cardamine_alpina,0.018518519,9.107219773,2011,PT4
Cardamine_alpina,0.018518519,9.107219773,2011,PT4
Cardamine_alpina,0.018518519,9.107219773,2011,PT4
Cardamine_alpina,0.018518519,9.107219773,2011,PT4
Cardamine_alpina,0.018518519,9.107219773,2011,PT4
Cardamine_alpina,0.018518519,9.107219773,2011,PT4
Cardamine_alpina,0.018518519,9.107219773,2011,PT4
Cardamine_alpina,0.018518519,9.107219773,2011,PT4
Cardamine_alpina,0.018518519,10.85152983,2012,PT4
Cardamine_alpina,0.018518519,10.85152983,2012,PT4
Cardamine_alpina,0.018518519,10.85152983,2012,PT4
Cardamine_alpina,0.018518519,10.85152983,2012,PT4
Cardamine_alpina,0.018518519,10.85152983,2012,PT4
Cardamine_alpina,0.018518519,10.85152983,2012,PT4
Cardamine_alpina,0.018518519,10.85152983,2012,PT4
Cardamine_alpina,0.018518519,10.85152983,2012,PT4
Cardamine_alpina,0.018518519,10.85152983,2012,PT4
Cardamine_alpina,0.018518519,10.85152983,2012,PT4
Cardamine_alpina,0.018518519,10.85152983,2012,PT4
Cardamine_alpina,0.018518519,10.77019654,2012,ST4
Cardamine_alpina,0.018518519,10.77019654,2012,ST4
Cardamine_alpina,0.018518519,10.77019654,2012,ST4
Cardamine_alpina,0.018518519,10.77019654,2012,ST4
Cardamine_alpina,0.018518519,10.77019654,2012,ST4
Cardamine_alpina,0.018518519,10.77019654,2012,ST4
Cardamine_alpina,0.018518519,10.73027974,2013,ST5
Cardamine_alpina,0.018518519,10.73027974,2013,ST5
Cardamine_alpina,0.018518519,10.73027974,2013,ST5
Cardamine_alpina,0.018518519,10.73027974,2013,ST5
Cardamine_alpina,0.018518519,10.73027974,2013,ST5
Cardamine_alpina,0.018867925,9.048190949,2011,ST4
Cardamine_alpina,0.018867925,9.048190949,2011,ST4
Cardamine_alpina,0.018867925,9.048190949,2011,ST4
Cardamine_alpina,0.018867925,10.70816315,2012,PT2
Cardamine_alpina,0.018867925,10.70816315,2012,PT2
Cardamine_alpina,0.018867925,10.75081731,2012,ST5
Cardamine_alpina,0.018867925,10.75081731,2012,ST5
Cardamine_alpina,0.018867925,10.75081731,2012,ST5
Cardamine_alpina,0.018867925,10.75081731,2012,ST5
Cardamine_alpina,0.018867925,10.75081731,2012,ST5
Cardamine_alpina,0.018867925,10.75081731,2012,ST5
Cardamine_alpina,0.018867925,10.75081731,2012,ST5
Cardamine_alpina,0.018867925,10.75081731,2012,ST5
Cardamine_alpina,0.018867925,10.75081731,2012,ST5
Cardamine_alpina,0.018867925,10.75081731,2012,ST5
Cardamine_alpina,0.018867925,10.75081731,2012,ST5
Cardamine_alpina,0.018867925,10.75081731,2012,ST5
Cardamine_alpina,0.018867925,10.75081731,2012,ST5
Cardamine_alpina,0.018867925,10.75081731,2012,ST5
Cardamine_alpina,0.018867925,10.75081731,2012,ST5
Cardamine_alpina,0.018867925,11.02552357,2013,ST2
Cardamine_alpina,0.018867925,11.02552357,2013,ST3
Cardamine_alpina,0.018867925,11.02552357,2013,ST3
Cardamine_alpina,0.019230769,10.33387287,2010,ST4
Cardamine_alpina,0.019230769,10.33387287,2010,ST4
Cardamine_alpina,0.019230769,10.33387287,2010,ST4
Cardamine_alpina,0.019230769,10.33387287,2010,ST4
Cardamine_alpina,0.019230769,10.33387287,2010,ST4
Cardamine_alpina,0.019230769,10.33387287,2010,ST4
Cardamine_alpina,0.019230769,10.33387287,2010,ST4
Cardamine_alpina,0.019230769,10.33387287,2010,ST4
Cardamine_alpina,0.019230769,10.33387287,2010,ST4
Cardamine_alpina,0.019230769,10.33387287,2010,ST4
Cardamine_alpina,0.019230769,10.33387287,2010,ST4
Cardamine_alpina,0.019230769,10.33387287,2010,ST4
Cardamine_alpina,0.019230769,10.33387287,2010,ST4
Cardamine_alpina,0.019230769,10.33387287,2010,ST5
Cardamine_alpina,0.019230769,10.33387287,2010,ST5
Cardamine_alpina,0.019230769,10.33387287,2010,ST5
Cardamine_alpina,0.019230769,10.33387287,2010,ST5
Cardamine_alpina,0.019230769,10.33387287,2010,ST5
Cardamine_alpina,0.019230769,10.33387287,2010,ST5
Cardamine_alpina,0.019230769,10.33387287,2010,ST5
Cardamine_alpina,0.019230769,10.33387287,2010,ST5
Cardamine_alpina,0.019230769,10.33387287,2010,ST5
Cardamine_alpina,0.019230769,10.66380906,2012,PT3
Cardamine_alpina,0.019230769,10.66380906,2012,PT3
Cardamine_alpina,0.019230769,10.66380906,2012,PT3
Cardamine_alpina,0.019230769,10.66380906,2012,PT3
Cardamine_alpina,0.019230769,10.66380906,2012,PT3
Cardamine_alpina,0.019230769,10.66380906,2012,PT3
Cardamine_alpina,0.019230769,10.66380906,2012,PT3
Cardamine_alpina,0.019230769,10.66380906,2012,PT5
Cardamine_alpina,0.019230769,10.66380906,2012,PT5
Cardamine_alpina,0.019230769,10.66380906,2012,PT5
Cardamine_alpina,0.019230769,10.66380906,2012,PT5
Cardamine_alpina,0.019230769,10.66380906,2012,PT5
Cardamine_alpina,0.019230769,10.28609183,2013,PT3
Cardamine_alpina,0.019230769,10.28609183,2013,PT3
Cardamine_alpina,0.019230769,10.28609183,2013,PT3
Cardamine_alpina,0.019230769,10.28609183,2013,PT3
Cardamine_alpina,0.019230769,10.28609183,2013,PT3
Cardamine_alpina,0.019230769,10.28609183,2013,PT3
Cardamine_alpina,0.019230769,10.28609183,2013,PT3
Cardamine_alpina,0.019230769,10.28609183,2013,PT3
Cardamine_alpina,0.019230769,10.28609183,2013,PT5
Cardamine_alpina,0.019230769,10.28609183,2013,PT5
Cardamine_alpina,0.019230769,10.28609183,2013,PT5
Cardamine_alpina,0.019230769,10.28609183,2013,PT5
Cardamine_alpina,0.019230769,10.28609183,2013,PT5
Cardamine_alpina,0.019230769,10.28609183,2013,PT5
Cardamine_alpina,0.019230769,9.058420414,2013,SC1
Cardamine_alpina,0.019607843,9.106580739,2011,PT3
Cardamine_alpina,0.019607843,9.106580739,2011,PT3
Cardamine_alpina,0.019607843,9.106580739,2011,PT3
Cardamine_alpina,0.019607843,9.106580739,2011,PT3
Cardamine_alpina,0.02,10.28491763,2013,PT2
Cardamine_alpina,0.020408163,10.87610512,2013,ST1
Cardamine_alpina,0.020833333,10.16548661,2010,PT3
Cardamine_alpina,0.020833333,10.16548661,2010,PT3
Cardamine_alpina,0.020833333,10.16548661,2010,PT3
Cardamine_alpina,0.020833333,10.16548661,2010,PT3
Cardamine_alpina,0.020833333,10.16548661,2010,PT3
Cardamine_alpina,0.020833333,10.16548661,2010,PT3
Cardamine_alpina,0.020833333,10.16548661,2010,PT3
Cardamine_alpina,0.020833333,10.16548661,2010,PT3
Cardamine_alpina,0.020833333,10.16548661,2010,PT3
Cardamine_alpina,0.020833333,10.16548661,2010,PT3
Cardamine_alpina,0.020833333,10.16548661,2010,PT3
Cardamine_alpina,0.020833333,10.16548661,2010,PT3
Cardamine_alpina,0.020833333,10.16548661,2010,PT3
Cardamine_alpina,0.020833333,10.16548661,2010,PT3
Cardamine_alpina,0.020833333,10.16548661,2010,PT3
Cardamine_alpina,0.020833333,10.16548661,2010,PT3
Cardamine_alpina,0.020833333,10.16548661,2010,PT3
Cardamine_alpina,0.020833333,10.16548661,2010,PT5
Cardamine_alpina,0.020833333,10.16548661,2010,PT5
Cardamine_alpina,0.020833333,10.16548661,2010,PT5
Cardamine_alpina,0.020833333,10.16548661,2010,PT5
Cardamine_alpina,0.020833333,10.16548661,2010,PT5
Cardamine_alpina,0.020833333,10.16548661,2010,PT5
Cardamine_alpina,0.020833333,10.16548661,2010,PT5
Cardamine_alpina,0.020833333,10.16548661,2010,PT5
Cardamine_alpina,0.020833333,10.16548661,2010,PT5
Cardamine_alpina,0.020833333,10.16548661,2010,PT5
Cardamine_alpina,0.020833333,10.16548661,2010,PT5
Cardamine_alpina,0.020833333,10.16548661,2010,PT5
Cardamine_alpina,0.020833333,10.16548661,2010,PT5
Cardamine_alpina,0.020833333,10.71414007,2012,ST4
Cardamine_alpina,0.020833333,10.71414007,2012,ST4
Cardamine_alpina,0.020833333,10.79852921,2013,ST4
Cardamine_alpina,0.021276596,10.8019781,2013,ST5
Cardamine_alpina,0.02173913,10.63544965,2012,PT3
Cardamine_alpina,0.02173913,11.6922189,2013,ST3
Cardamine_alpina,0.022222222,10.34653779,2013,PT3
Leucanthemopsis_alpina,0.010752688,5.8494587,2014,SC2
Leucanthemopsis_alpina,0.010752688,5.8494587,2014,SC2
Leucanthemopsis_alpina,0.010989011,7.871937967,2011,SC3
Leucanthemopsis_alpina,0.010989011,6.899040837,2014,ST3
Leucanthemopsis_alpina,0.010989011,6.899040837,2014,ST3
Leucanthemopsis_alpina,0.010989011,6.899040837,2014,ST3
Leucanthemopsis_alpina,0.010989011,6.899040837,2014,ST3
Leucanthemopsis_alpina,0.010989011,6.899040837,2014,ST3
Leucanthemopsis_alpina,0.010989011,6.899040837,2014,ST3
Leucanthemopsis_alpina,0.010989011,6.899040837,2014,ST3
Leucanthemopsis_alpina,0.010989011,6.899040837,2014,ST3
Leucanthemopsis_alpina,0.011235955,6.587837134,2014,PT5
Leucanthemopsis_alpina,0.011235955,6.587837134,2014,PT5
Leucanthemopsis_alpina,0.011235955,6.587837134,2014,PT5
Leucanthemopsis_alpina,0.011235955,6.753564492,2014,ST1
Leucanthemopsis_alpina,0.011235955,6.753564492,2014,ST5
Leucanthemopsis_alpina,0.011363636,6.51680279,2014,PT1
Leucanthemopsis_alpina,0.011363636,6.51680279,2014,PT1
Leucanthemopsis_alpina,0.011363636,6.51680279,2014,PT1
Leucanthemopsis_alpina,0.011363636,6.51680279,2014,PT1
Leucanthemopsis_alpina,0.011363636,5.628632477,2014,SC4
Leucanthemopsis_alpina,0.011363636,6.673835061,2014,ST4
Leucanthemopsis_alpina,0.011363636,6.673835061,2014,ST4
Leucanthemopsis_alpina,0.011363636,6.673835061,2014,ST4
Leucanthemopsis_alpina,0.011363636,6.673835061,2014,ST4
Leucanthemopsis_alpina,0.011363636,6.673835061,2014,ST4
Leucanthemopsis_alpina,0.012048193,7.246035674,2014,ST3
Leucanthemopsis_alpina,0.012048193,7.246035674,2014,ST3
Leucanthemopsis_alpina,0.012195122,9.766783378,2011,PT2
Leucanthemopsis_alpina,0.012345679,6.924020153,2014,PT3
Leucanthemopsis_alpina,0.012345679,6.924020153,2014,PT3
Leucanthemopsis_alpina,0.012345679,6.924020153,2014,PT3
Leucanthemopsis_alpina,0.012345679,6.924020153,2014,PT3
Leucanthemopsis_alpina,0.012345679,6.924020153,2014,PT3
Leucanthemopsis_alpina,0.012345679,6.924020153,2014,PT3
Leucanthemopsis_alpina,0.012345679,6.924020153,2014,PT3
Leucanthemopsis_alpina,0.012345679,6.924020153,2014,PT3
Leucanthemopsis_alpina,0.012345679,6.924020153,2014,PT3
Leucanthemopsis_alpina,0.012345679,6.924020153,2014,PT5
Leucanthemopsis_alpina,0.012345679,6.924020153,2014,PT5
Leucanthemopsis_alpina,0.012345679,6.924020153,2014,PT5
Leucanthemopsis_alpina,0.012345679,6.924020153,2014,PT5
Leucanthemopsis_alpina,0.012345679,6.924020153,2014,PT5
Leucanthemopsis_alpina,0.012345679,7.094686566,2014,ST5
Leucanthemopsis_alpina,0.012345679,7.094686566,2014,ST5
Leucanthemopsis_alpina,0.012345679,7.094686566,2014,ST5
Leucanthemopsis_alpina,0.012345679,7.094686566,2014,ST5
Leucanthemopsis_alpina,0.0125,6.850047939,2014,PT1
Leucanthemopsis_alpina,0.0125,6.850047939,2014,PT1
Leucanthemopsis_alpina,0.0125,6.850047939,2014,PT1
Leucanthemopsis_alpina,0.0125,7.01120127,2014,ST4
Leucanthemopsis_alpina,0.0125,7.01120127,2014,ST4
Leucanthemopsis_alpina,0.0125,7.01120127,2014,ST4
Leucanthemopsis_alpina,0.0125,7.01120127,2014,ST4
Leucanthemopsis_alpina,0.0125,7.01120127,2014,ST4
Leucanthemopsis_alpina,0.0125,7.01120127,2014,ST4
Leucanthemopsis_alpina,0.012658228,7.750845268,2011,SC1
Leucanthemopsis_alpina,0.012658228,7.750845268,2011,SC1
Leucanthemopsis_alpina,0.012658228,7.750845268,2011,SC1
Leucanthemopsis_alpina,0.012658228,7.750845268,2011,SC1
Leucanthemopsis_alpina,0.012658228,7.750845268,2011,SC1
Leucanthemopsis_alpina,0.012658228,7.750845268,2011,SC1
Leucanthemopsis_alpina,0.012658228,7.750845268,2011,SC1
Leucanthemopsis_alpina,0.012658228,7.750845268,2011,SC1
Leucanthemopsis_alpina,0.012658228,7.750845268,2011,SC1
Leucanthemopsis_alpina,0.012658228,7.750845268,2011,SC1
Leucanthemopsis_alpina,0.012658228,7.750845268,2011,SC1
Leucanthemopsis_alpina,0.012658228,7.750845268,2011,SC1
Leucanthemopsis_alpina,0.012658228,7.750845268,2011,SC2
Leucanthemopsis_alpina,0.012658228,7.750845268,2011,SC2
Leucanthemopsis_alpina,0.012658228,7.750845268,2011,SC2
Leucanthemopsis_alpina,0.012658228,7.750845268,2011,SC2
Leucanthemopsis_alpina,0.012658228,7.750845268,2011,SC2
Leucanthemopsis_alpina,0.012658228,7.750845268,2011,SC2
Leucanthemopsis_alpina,0.012658228,7.750845268,2011,SC2
Leucanthemopsis_alpina,0.012658228,7.750845268,2011,SC2
Leucanthemopsis_alpina,0.012658228,6.774179,2014,PT2
Leucanthemopsis_alpina,0.012658228,6.774179,2014,PT2
Leucanthemopsis_alpina,0.012658228,6.774179,2014,PT2
Leucanthemopsis_alpina,0.012658228,6.774179,2014,PT2
Leucanthemopsis_alpina,0.012820513,9.37766733,2010,ST1
Leucanthemopsis_alpina,0.012820513,7.761260467,2011,SC3
Leucanthemopsis_alpina,0.012820513,7.761260467,2011,SC3
Leucanthemopsis_alpina,0.012820513,7.761260467,2011,SC3
Leucanthemopsis_alpina,0.012820513,7.761260467,2011,SC3
Leucanthemopsis_alpina,0.012820513,7.761260467,2011,SC3
Leucanthemopsis_alpina,0.012820513,7.761260467,2011,SC3
Leucanthemopsis_alpina,0.012820513,7.761260467,2011,SC3
Leucanthemopsis_alpina,0.012820513,7.761260467,2011,SC3
Leucanthemopsis_alpina,0.012820513,7.761260467,2011,SC3
Leucanthemopsis_alpina,0.012820513,9.592133171,2011,ST3
Leucanthemopsis_alpina,0.012820513,8.835180899,2012,SC1
Leucanthemopsis_alpina,0.012987013,7.720242412,2011,PC4
Leucanthemopsis_alpina,0.012987013,7.720242412,2011,PC4
Leucanthemopsis_alpina,0.012987013,7.720242412,2011,PC4
Leucanthemopsis_alpina,0.012987013,7.720242412,2011,PC4
Leucanthemopsis_alpina,0.012987013,9.436443833,2011,PT4
Leucanthemopsis_alpina,0.013333333,8.255182212,2012,PC4
Leucanthemopsis_alpina,0.013513514,7.445511258,2013,PC3
Leucanthemopsis_alpina,0.01369863,9.68898513,2011,ST5
Leucanthemopsis_alpina,0.01369863,9.68898513,2011,ST5
Leucanthemopsis_alpina,0.01369863,9.68898513,2011,ST5
Leucanthemopsis_alpina,0.01369863,7.424486929,2013,PC2
Leucanthemopsis_alpina,0.01369863,7.159341451,2014,PT3
Leucanthemopsis_alpina,0.013888889,9.296545801,2012,SC2
Leucanthemopsis_alpina,0.013888889,9.53056863,2013,ST4
Leucanthemopsis_alpina,0.013888889,9.53056863,2013,ST4
Leucanthemopsis_alpina,0.013888889,7.080348724,2014,PT1
Leucanthemopsis_alpina,0.013888889,7.080348724,2014,PT1
Leucanthemopsis_alpina,0.013888889,7.080348724,2014,PT1
Leucanthemopsis_alpina,0.013888889,7.080348724,2014,PT1
Leucanthemopsis_alpina,0.013888889,7.080348724,2014,PT1
Leucanthemopsis_alpina,0.013888889,7.184190693,2014,ST4
Leucanthemopsis_alpina,0.014084507,7.881613529,2011,SC4
Leucanthemopsis_alpina,0.014084507,7.881613529,2011,SC4
Leucanthemopsis_alpina,0.014084507,7.881613529,2011,SC4
Leucanthemopsis_alpina,0.014084507,7.881613529,2011,SC4
Leucanthemopsis_alpina,0.014084507,7.881613529,2011,SC4
Leucanthemopsis_alpina,0.014084507,7.881613529,2011,SC4
Leucanthemopsis_alpina,0.014084507,7.881613529,2011,SC4
Leucanthemopsis_alpina,0.014084507,7.881613529,2011,SC4
Leucanthemopsis_alpina,0.014084507,7.881613529,2011,SC4
Leucanthemopsis_alpina,0.014084507,7.881613529,2011,SC4
Leucanthemopsis_alpina,0.014084507,7.881613529,2011,SC4
Leucanthemopsis_alpina,0.014084507,9.6895728,2011,ST4
Leucanthemopsis_alpina,0.014084507,9.6895728,2011,ST4
Leucanthemopsis_alpina,0.014084507,9.6895728,2011,ST4
Leucanthemopsis_alpina,0.014084507,9.6895728,2011,ST4
Leucanthemopsis_alpina,0.014084507,9.278022402,2012,SC1
Leucanthemopsis_alpina,0.014084507,11.26803946,2012,ST3
Leucanthemopsis_alpina,0.014084507,9.929372864,2013,ST3
Leucanthemopsis_alpina,0.014084507,9.929372864,2013,ST3
Leucanthemopsis_alpina,0.014084507,9.929372864,2013,ST3
Leucanthemopsis_alpina,0.014084507,6.999099061,2014,PT2
Leucanthemopsis_alpina,0.014084507,6.999099061,2014,PT2
Leucanthemopsis_alpina,0.014084507,6.999099061,2014,PT2
Leucanthemopsis_alpina,0.014285714,8.660138077,2012,PC2
Leucanthemopsis_alpina,0.014285714,8.006349087,2013,SC1
Leucanthemopsis_alpina,0.014285714,8.006349087,2013,SC1
Leucanthemopsis_alpina,0.014492754,7.091716285,2010,PC1
Leucanthemopsis_alpina,0.014492754,7.091716285,2010,PC1
Leucanthemopsis_alpina,0.014492754,7.091716285,2010,PC1
Leucanthemopsis_alpina,0.014492754,7.091716285,2010,PC1
Leucanthemopsis_alpina,0.014492754,7.091716285,2010,PC1
Leucanthemopsis_alpina,0.014492754,7.091716285,2010,PC1
Leucanthemopsis_alpina,0.014492754,7.091716285,2010,PC1
Leucanthemopsis_alpina,0.014492754,7.091716285,2010,PC1
Leucanthemopsis_alpina,0.014492754,7.091716285,2010,PC2
Leucanthemopsis_alpina,0.014492754,7.091716285,2010,PC2
Leucanthemopsis_alpina,0.014492754,7.091716285,2010,PC3
Leucanthemopsis_alpina,0.014492754,8.28970257,2010,SC3
Leucanthemopsis_alpina,0.014492754,8.28970257,2010,SC3
Leucanthemopsis_alpina,0.014492754,8.28970257,2010,SC3
Leucanthemopsis_alpina,0.014492754,8.28970257,2010,SC3
Leucanthemopsis_alpina,0.014492754,8.28970257,2010,SC3
Leucanthemopsis_alpina,0.014492754,8.28970257,2010,SC3
Leucanthemopsis_alpina,0.014492754,8.28970257,2010,SC3
Leucanthemopsis_alpina,0.014492754,7.838156936,2011,PC2
Leucanthemopsis_alpina,0.014492754,7.838156936,2011,PC2
Leucanthemopsis_alpina,0.014492754,7.838156936,2011,PC2
Leucanthemopsis_alpina,0.014492754,7.838156936,2011,PC2
Leucanthemopsis_alpina,0.014492754,7.838156936,2011,PC2
Leucanthemopsis_alpina,0.014492754,7.838156936,2011,PC2
Leucanthemopsis_alpina,0.014492754,7.838156936,2011,PC2
Leucanthemopsis_alpina,0.014492754,7.838156936,2011,PC2
Leucanthemopsis_alpina,0.014492754,7.838156936,2011,PC5
Leucanthemopsis_alpina,0.014492754,7.838156936,2011,PC5
Leucanthemopsis_alpina,0.014492754,7.838156936,2011,PC5
Leucanthemopsis_alpina,0.014492754,7.838156936,2011,PC5
Leucanthemopsis_alpina,0.014492754,7.838156936,2011,PC5
Leucanthemopsis_alpina,0.014492754,7.838156936,2011,PC5
Leucanthemopsis_alpina,0.014492754,7.838156936,2011,PC5
Leucanthemopsis_alpina,0.014492754,7.838156936,2011,PC5
Leucanthemopsis_alpina,0.014492754,9.713353893,2011,PT2
Leucanthemopsis_alpina,0.014492754,9.713353893,2011,PT2
Leucanthemopsis_alpina,0.014492754,9.713353893,2011,PT2
Leucanthemopsis_alpina,0.014492754,9.713353893,2011,PT2
Leucanthemopsis_alpina,0.014492754,9.713353893,2011,PT3
Leucanthemopsis_alpina,0.014492754,9.713353893,2011,PT5
Leucanthemopsis_alpina,0.014492754,9.713353893,2011,PT5
Leucanthemopsis_alpina,0.014492754,9.713353893,2011,PT5
Leucanthemopsis_alpina,0.014492754,7.546813118,2011,SC1
Leucanthemopsis_alpina,0.014492754,7.546813118,2011,SC1
Leucanthemopsis_alpina,0.014492754,7.546813118,2011,SC1
Leucanthemopsis_alpina,0.014492754,7.546813118,2011,SC1
Leucanthemopsis_alpina,0.014492754,7.546813118,2011,SC2
Leucanthemopsis_alpina,0.014492754,8.651099667,2012,PC3
Leucanthemopsis_alpina,0.014492754,7.978305216,2013,SC2
Leucanthemopsis_alpina,0.014492754,7.978305216,2013,SC2
Leucanthemopsis_alpina,0.014492754,7.978305216,2013,SC2
Leucanthemopsis_alpina,0.014492754,7.978305216,2013,SC2
Leucanthemopsis_alpina,0.014705882,8.235751458,2010,SC1
Leucanthemopsis_alpina,0.014705882,8.235751458,2010,SC1
Leucanthemopsis_alpina,0.014705882,8.235751458,2010,SC1
Leucanthemopsis_alpina,0.014705882,8.235751458,2010,SC1
Leucanthemopsis_alpina,0.014705882,8.235751458,2010,SC1
Leucanthemopsis_alpina,0.014705882,8.235751458,2010,SC1
Leucanthemopsis_alpina,0.014705882,8.235751458,2010,SC1
Leucanthemopsis_alpina,0.014705882,8.235751458,2010,SC1
Leucanthemopsis_alpina,0.014705882,8.235751458,2010,SC2
Leucanthemopsis_alpina,0.014705882,8.235751458,2010,SC2
Leucanthemopsis_alpina,0.014705882,8.235751458,2010,SC2
Leucanthemopsis_alpina,0.014705882,8.235751458,2010,SC2
Leucanthemopsis_alpina,0.014705882,8.235751458,2010,SC2
Leucanthemopsis_alpina,0.014705882,7.807146315,2011,PC1
Leucanthemopsis_alpina,0.014705882,7.807146315,2011,PC1
Leucanthemopsis_alpina,0.014705882,7.807146315,2011,PC1
Leucanthemopsis_alpina,0.014705882,7.807146315,2011,PC1
Leucanthemopsis_alpina,0.014705882,7.807146315,2011,PC1
Leucanthemopsis_alpina,0.014705882,7.807146315,2011,PC1
Leucanthemopsis_alpina,0.014705882,7.807146315,2011,PC1
Leucanthemopsis_alpina,0.014705882,7.807146315,2011,PC1
Leucanthemopsis_alpina,0.014705882,7.807146315,2011,PC1
Leucanthemopsis_alpina,0.014705882,7.807146315,2011,PC1
Leucanthemopsis_alpina,0.014705882,7.807146315,2011,PC1
Leucanthemopsis_alpina,0.014705882,7.807146315,2011,PC1
Leucanthemopsis_alpina,0.014705882,7.807146315,2011,PC1
Leucanthemopsis_alpina,0.014705882,7.807146315,2011,PC1
Leucanthemopsis_alpina,0.014705882,7.807146315,2011,PC1
Leucanthemopsis_alpina,0.014705882,7.807146315,2011,PC1
Leucanthemopsis_alpina,0.014705882,7.807146315,2011,PC1
Leucanthemopsis_alpina,0.014705882,7.807146315,2011,PC1
Leucanthemopsis_alpina,0.014705882,7.807146315,2011,PC1
Leucanthemopsis_alpina,0.014705882,7.807146315,2011,PC1
Leucanthemopsis_alpina,0.014705882,9.660993663,2011,PT1
Leucanthemopsis_alpina,0.014705882,9.660993663,2011,PT1
Leucanthemopsis_alpina,0.014705882,9.660993663,2011,PT1
Leucanthemopsis_alpina,0.014705882,9.660993663,2011,PT1
Leucanthemopsis_alpina,0.014705882,9.660993663,2011,PT1
Leucanthemopsis_alpina,0.014705882,9.660993663,2011,PT1
Leucanthemopsis_alpina,0.014705882,9.660993663,2011,PT1
Leucanthemopsis_alpina,0.014705882,9.660993663,2011,PT1
Leucanthemopsis_alpina,0.014705882,9.660993663,2011,PT1
Leucanthemopsis_alpina,0.014705882,9.660993663,2011,PT1
Leucanthemopsis_alpina,0.014705882,9.660993663,2011,PT1
Leucanthemopsis_alpina,0.014705882,7.555737568,2011,SC3
Leucanthemopsis_alpina,0.014705882,7.555737568,2011,SC3
Leucanthemopsis_alpina,0.014705882,7.555737568,2011,SC3
Leucanthemopsis_alpina,0.014705882,7.555737568,2011,SC3
Leucanthemopsis_alpina,0.014705882,7.555737568,2011,SC3
Leucanthemopsis_alpina,0.014705882,9.45489973,2011,ST3
Leucanthemopsis_alpina,0.014705882,9.45489973,2011,ST3
Leucanthemopsis_alpina,0.014705882,9.45489973,2011,ST3
Leucanthemopsis_alpina,0.014705882,9.45489973,2011,ST3
Leucanthemopsis_alpina,0.014705882,9.45489973,2011,ST3
Leucanthemopsis_alpina,0.014705882,9.45489973,2011,ST3
Leucanthemopsis_alpina,0.014705882,9.45489973,2011,ST3
Leucanthemopsis_alpina,0.014705882,9.45489973,2011,ST3
Leucanthemopsis_alpina,0.014705882,9.45489973,2011,ST3
Leucanthemopsis_alpina,0.014705882,9.45489973,2011,ST3
Leucanthemopsis_alpina,0.014705882,9.45489973,2011,ST3
Leucanthemopsis_alpina,0.014705882,9.45489973,2011,ST3
Leucanthemopsis_alpina,0.014705882,9.45489973,2011,ST3
Leucanthemopsis_alpina,0.014705882,9.45489973,2011,ST3
Leucanthemopsis_alpina,0.014705882,9.45489973,2011,ST3
Leucanthemopsis_alpina,0.014705882,9.45489973,2011,ST3
Leucanthemopsis_alpina,0.014705882,9.45489973,2011,ST3
Leucanthemopsis_alpina,0.014705882,8.626697556,2012,PC1
Leucanthemopsis_alpina,0.014705882,8.626697556,2012,PC1
Leucanthemopsis_alpina,0.014705882,8.626697556,2012,PC1
Leucanthemopsis_alpina,0.014705882,8.626697556,2012,PC1
Leucanthemopsis_alpina,0.014705882,8.626697556,2012,PC1
Leucanthemopsis_alpina,0.014705882,8.98362524,2013,PT1
Leucanthemopsis_alpina,0.014925373,9.794706059,2010,ST3
Leucanthemopsis_alpina,0.014925373,9.470112798,2011,ST1
Leucanthemopsis_alpina,0.014925373,9.470112798,2011,ST1
Leucanthemopsis_alpina,0.014925373,9.470112798,2011,ST1
Leucanthemopsis_alpina,0.014925373,9.290120399,2012,SC2
Leucanthemopsis_alpina,0.014925373,9.290120399,2012,SC2
Leucanthemopsis_alpina,0.014925373,9.290120399,2012,SC2
Leucanthemopsis_alpina,0.014925373,9.290120399,2012,SC2
Leucanthemopsis_alpina,0.014925373,9.290120399,2012,SC2
Leucanthemopsis_alpina,0.014925373,9.290120399,2012,SC2
Leucanthemopsis_alpina,0.014925373,7.920643747,2013,SC3
Leucanthemopsis_alpina,0.014925373,7.920643747,2013,SC3
Leucanthemopsis_alpina,0.014925373,7.920643747,2013,SC3
Leucanthemopsis_alpina,0.014925373,7.920643747,2013,SC3
Leucanthemopsis_alpina,0.014925373,7.920643747,2013,SC3
Leucanthemopsis_alpina,0.014925373,7.338910526,2014,ST4
Leucanthemopsis_alpina,0.014925373,7.338910526,2014,ST4
Leucanthemopsis_alpina,0.014925373,7.338910526,2014,ST4
Leucanthemopsis_alpina,0.015151515,8.506630518,2012,PC4
Leucanthemopsis_alpina,0.015151515,8.506630518,2012,PC4
Leucanthemopsis_alpina,0.015151515,8.506630518,2012,PC4
Leucanthemopsis_alpina,0.015151515,9.27007327,2012,SC1
Leucanthemopsis_alpina,0.015151515,9.27007327,2012,SC1
Leucanthemopsis_alpina,0.015151515,9.27007327,2012,SC1
Leucanthemopsis_alpina,0.015151515,9.27007327,2012,SC1
Leucanthemopsis_alpina,0.015151515,9.27007327,2012,SC1
Leucanthemopsis_alpina,0.015151515,11.28317283,2012,ST3
Leucanthemopsis_alpina,0.015151515,8.396722627,2013,PT4
Leucanthemopsis_alpina,0.015151515,8.396722627,2013,PT4
Leucanthemopsis_alpina,0.015151515,8.396722627,2013,PT4
Leucanthemopsis_alpina,0.015151515,7.874766746,2013,SC4
Leucanthemopsis_alpina,0.015151515,7.874766746,2013,SC4
Leucanthemopsis_alpina,0.015151515,7.874766746,2013,SC4
Leucanthemopsis_alpina,0.015151515,7.874766746,2013,SC4
Leucanthemopsis_alpina,0.015151515,7.874766746,2013,SC4
Leucanthemopsis_alpina,0.015151515,7.874766746,2013,SC4
Leucanthemopsis_alpina,0.015151515,9.680919196,2013,ST4
Leucanthemopsis_alpina,0.015151515,9.680919196,2013,ST4
Leucanthemopsis_alpina,0.015151515,9.680919196,2013,ST4
Leucanthemopsis_alpina,0.015151515,7.175463518,2014,PT2
Leucanthemopsis_alpina,0.015151515,7.175463518,2014,PT2
Leucanthemopsis_alpina,0.015384615,8.072031679,2010,SC4
Leucanthemopsis_alpina,0.015384615,8.072031679,2010,SC4
Leucanthemopsis_alpina,0.015384615,8.072031679,2010,SC4
Leucanthemopsis_alpina,0.015384615,8.072031679,2010,SC4
Leucanthemopsis_alpina,0.015384615,8.072031679,2010,SC4
Leucanthemopsis_alpina,0.015384615,9.299693655,2012,SC4
Leucanthemopsis_alpina,0.015384615,9.242178777,2012,SC5
Leucanthemopsis_alpina,0.015384615,11.21503003,2012,ST1
Leucanthemopsis_alpina,0.015384615,11.21503003,2012,ST1
Leucanthemopsis_alpina,0.015384615,7.856538869,2013,SC5
Leucanthemopsis_alpina,0.015384615,7.856538869,2013,SC5
Leucanthemopsis_alpina,0.015384615,10.44335509,2013,ST3
Leucanthemopsis_alpina,0.015384615,10.44335509,2013,ST3
Leucanthemopsis_alpina,0.015384615,9.665935433,2013,ST5
Leucanthemopsis_alpina,0.015384615,9.665935433,2013,ST5
Leucanthemopsis_alpina,0.015625,6.663322344,2010,PC4
Leucanthemopsis_alpina,0.015625,6.663322344,2010,PC4
Leucanthemopsis_alpina,0.015625,8.595891382,2010,PT4
Leucanthemopsis_alpina,0.015625,7.590471005,2011,PC4
Leucanthemopsis_alpina,0.015625,7.590471005,2011,PC4
Leucanthemopsis_alpina,0.015625,9.310608609,2011,PT4
Leucanthemopsis_alpina,0.015625,9.310608609,2011,PT4
Leucanthemopsis_alpina,0.015625,9.310608609,2011,PT4
Leucanthemopsis_alpina,0.015625,9.310608609,2011,PT4
Leucanthemopsis_alpina,0.015625,9.310608609,2011,PT4
Leucanthemopsis_alpina,0.015625,9.310608609,2011,PT4
Leucanthemopsis_alpina,0.015625,9.310608609,2011,PT4
Leucanthemopsis_alpina,0.015625,9.310608609,2011,PT4
Leucanthemopsis_alpina,0.015625,9.310608609,2011,PT4
Leucanthemopsis_alpina,0.015625,11.16859568,2012,ST4
Leucanthemopsis_alpina,0.015625,8.518911433,2013,SC1
Leucanthemopsis_alpina,0.015873016,8.029017503,2010,SC5
Leucanthemopsis_alpina,0.015873016,9.612994217,2010,ST4
Leucanthemopsis_alpina,0.015873016,9.55630576,2011,ST5
Leucanthemopsis_alpina,0.015873016,9.55630576,2011,ST5
Leucanthemopsis_alpina,0.015873016,9.55630576,2011,ST5
Leucanthemopsis_alpina,0.015873016,9.55630576,2011,ST5
Leucanthemopsis_alpina,0.015873016,9.55630576,2011,ST5
Leucanthemopsis_alpina,0.015873016,9.55630576,2011,ST5
Leucanthemopsis_alpina,0.015873016,9.55630576,2011,ST5
Leucanthemopsis_alpina,0.015873016,9.146793452,2012,PC2
Leucanthemopsis_alpina,0.015873016,9.146793452,2012,PC2
Leucanthemopsis_alpina,0.015873016,9.146793452,2012,PC2
Leucanthemopsis_alpina,0.015873016,9.146793452,2012,PC2
Leucanthemopsis_alpina,0.015873016,9.146793452,2012,PC2
Leucanthemopsis_alpina,0.015873016,9.146793452,2012,PC2
Leucanthemopsis_alpina,0.015873016,9.146793452,2012,PC2
Leucanthemopsis_alpina,0.015873016,9.146793452,2012,PC2
Leucanthemopsis_alpina,0.015873016,9.146793452,2012,PC2
Leucanthemopsis_alpina,0.015873016,7.798985702,2013,PC3
Leucanthemopsis_alpina,0.015873016,7.798985702,2013,PC3
Leucanthemopsis_alpina,0.015873016,9.189249936,2013,PT5
Leucanthemopsis_alpina,0.015873016,9.189249936,2013,PT5
Leucanthemopsis_alpina,0.015873016,9.189249936,2013,PT5
Leucanthemopsis_alpina,0.015873016,9.189249936,2013,PT5
Leucanthemopsis_alpina,0.015873016,9.189249936,2013,PT5
Leucanthemopsis_alpina,0.015873016,8.496420774,2013,SC2
Leucanthemopsis_alpina,0.016129032,9.144695804,2012,PC3
Leucanthemopsis_alpina,0.016129032,9.144695804,2012,PC3
Leucanthemopsis_alpina,0.016129032,9.144695804,2012,PC5
Leucanthemopsis_alpina,0.016129032,9.144695804,2012,PC5
Leucanthemopsis_alpina,0.016129032,9.144695804,2012,PC5
Leucanthemopsis_alpina,0.016129032,9.144695804,2012,PC5
Leucanthemopsis_alpina,0.016129032,9.144695804,2012,PC5
Leucanthemopsis_alpina,0.016129032,9.144695804,2012,PC5
Leucanthemopsis_alpina,0.016129032,9.144695804,2012,PC5
Leucanthemopsis_alpina,0.016129032,11.06124246,2012,PT3
Leucanthemopsis_alpina,0.016129032,11.06124246,2012,PT3
Leucanthemopsis_alpina,0.016129032,11.06124246,2012,PT5
Leucanthemopsis_alpina,0.016129032,8.926327899,2012,SC2
Leucanthemopsis_alpina,0.016129032,8.926327899,2012,SC2
Leucanthemopsis_alpina,0.016129032,8.926327899,2012,SC2
Leucanthemopsis_alpina,0.016129032,7.779964763,2013,PC2
Leucanthemopsis_alpina,0.016129032,7.779964763,2013,PC2
Leucanthemopsis_alpina,0.016129032,7.779964763,2013,PC2
Leucanthemopsis_alpina,0.016129032,7.779964763,2013,PC2
Leucanthemopsis_alpina,0.016129032,7.779964763,2013,PC5
Leucanthemopsis_alpina,0.016129032,7.779964763,2013,PC5
Leucanthemopsis_alpina,0.016129032,7.779964763,2013,PC5
Leucanthemopsis_alpina,0.016129032,7.779964763,2013,PC5
Leucanthemopsis_alpina,0.016129032,7.779964763,2013,PC5
Leucanthemopsis_alpina,0.016129032,9.180320619,2013,PT1
Leucanthemopsis_alpina,0.016129032,9.180320619,2013,PT1
Leucanthemopsis_alpina,0.016129032,9.180320619,2013,PT1
Leucanthemopsis_alpina,0.016129032,9.180320619,2013,PT1
Leucanthemopsis_alpina,0.016393443,8.992838966,2011,ST2
Leucanthemopsis_alpina,0.016393443,9.55256873,2011,ST4
Leucanthemopsis_alpina,0.016393443,9.125673383,2012,PC1
Leucanthemopsis_alpina,0.016393443,9.125673383,2012,PC1
Leucanthemopsis_alpina,0.016393443,9.125673383,2012,PC1
Leucanthemopsis_alpina,0.016393443,8.898546969,2012,SC1
Leucanthemopsis_alpina,0.016393443,8.898546969,2012,SC1
Leucanthemopsis_alpina,0.016393443,8.898546969,2012,SC1
Leucanthemopsis_alpina,0.016393443,9.263268139,2012,SC3
Leucanthemopsis_alpina,0.016393443,9.263268139,2012,SC3
Leucanthemopsis_alpina,0.016393443,9.263268139,2012,SC3
Leucanthemopsis_alpina,0.016393443,9.263268139,2012,SC3
Leucanthemopsis_alpina,0.016393443,9.263268139,2012,SC3
Leucanthemopsis_alpina,0.016393443,9.263268139,2012,SC3
Leucanthemopsis_alpina,0.016393443,9.263268139,2012,SC3
Leucanthemopsis_alpina,0.016393443,10.93269418,2012,ST3
Leucanthemopsis_alpina,0.016393443,10.93269418,2012,ST3
Leucanthemopsis_alpina,0.016393443,10.93269418,2012,ST3
Leucanthemopsis_alpina,0.016393443,10.93269418,2012,ST3
Leucanthemopsis_alpina,0.016393443,10.93269418,2012,ST3
Leucanthemopsis_alpina,0.016393443,10.93269418,2012,ST3
Leucanthemopsis_alpina,0.016393443,10.93269418,2012,ST3
Leucanthemopsis_alpina,0.016393443,9.151729607,2013,PT2
Leucanthemopsis_alpina,0.016393443,9.151729607,2013,PT2
Leucanthemopsis_alpina,0.016393443,9.151729607,2013,PT2
Leucanthemopsis_alpina,0.016393443,8.585699512,2013,PT4
Leucanthemopsis_alpina,0.016666667,9.292772684,2012,SC4
Leucanthemopsis_alpina,0.016666667,9.292772684,2012,SC4
Leucanthemopsis_alpina,0.016666667,9.292772684,2012,SC4
Leucanthemopsis_alpina,0.016666667,7.71548004,2013,PC1
Leucanthemopsis_alpina,0.016666667,10.93459422,2013,ST3
Leucanthemopsis_alpina,0.016666667,10.93459422,2013,ST3
Leucanthemopsis_alpina,0.016666667,10.93459422,2013,ST3
Leucanthemopsis_alpina,0.016666667,10.93459422,2013,ST3
Leucanthemopsis_alpina,0.016666667,10.93459422,2013,ST3
Leucanthemopsis_alpina,0.016666667,10.93459422,2013,ST3
Leucanthemopsis_alpina,0.016666667,10.93459422,2013,ST3
Leucanthemopsis_alpina,0.016666667,10.93459422,2013,ST3
Leucanthemopsis_alpina,0.016666667,10.21319276,2013,ST4
Leucanthemopsis_alpina,0.016666667,10.21319276,2013,ST4
Leucanthemopsis_alpina,0.016949153,7.476946906,2010,PC1
Leucanthemopsis_alpina,0.016949153,7.476946906,2010,PC1
Leucanthemopsis_alpina,0.016949153,7.476946906,2010,PC1
Leucanthemopsis_alpina,0.016949153,7.476946906,2010,PC1
Leucanthemopsis_alpina,0.016949153,7.476946906,2010,PC1
Leucanthemopsis_alpina,0.016949153,7.476946906,2010,PC1
Leucanthemopsis_alpina,0.016949153,7.476946906,2010,PC1
Leucanthemopsis_alpina,0.016949153,7.476946906,2010,PC1
Leucanthemopsis_alpina,0.016949153,7.476946906,2010,PC1
Leucanthemopsis_alpina,0.016949153,7.476946906,2010,PC5
Leucanthemopsis_alpina,0.016949153,9.522011502,2010,PT5
Leucanthemopsis_alpina,0.016949153,9.522011502,2010,PT5
Leucanthemopsis_alpina,0.016949153,9.522011502,2010,PT5
Leucanthemopsis_alpina,0.016949153,7.666071925,2011,PC2
Leucanthemopsis_alpina,0.016949153,9.596937419,2011,PT2
Leucanthemopsis_alpina,0.016949153,9.596937419,2011,PT2
Leucanthemopsis_alpina,0.016949153,9.596937419,2011,PT2
Leucanthemopsis_alpina,0.016949153,9.596937419,2011,PT2
Leucanthemopsis_alpina,0.016949153,9.596937419,2011,PT2
Leucanthemopsis_alpina,0.016949153,9.596937419,2011,PT2
Leucanthemopsis_alpina,0.016949153,9.596937419,2011,PT2
Leucanthemopsis_alpina,0.016949153,9.596937419,2011,PT2
Leucanthemopsis_alpina,0.016949153,9.596937419,2011,PT2
Leucanthemopsis_alpina,0.016949153,9.596937419,2011,PT2
Leucanthemopsis_alpina,0.016949153,9.596937419,2011,PT2
Leucanthemopsis_alpina,0.016949153,9.596937419,2011,PT2
Leucanthemopsis_alpina,0.016949153,9.596937419,2011,PT2
Leucanthemopsis_alpina,0.016949153,9.596937419,2011,PT2
Leucanthemopsis_alpina,0.016949153,9.596937419,2011,PT2
Leucanthemopsis_alpina,0.016949153,9.596937419,2011,PT2
Leucanthemopsis_alpina,0.016949153,9.596937419,2011,PT2
Leucanthemopsis_alpina,0.016949153,9.596937419,2011,PT3
Leucanthemopsis_alpina,0.016949153,9.596937419,2011,PT3
Leucanthemopsis_alpina,0.016949153,9.596937419,2011,PT3
Leucanthemopsis_alpina,0.016949153,9.596937419,2011,PT3
Leucanthemopsis_alpina,0.016949153,9.596937419,2011,PT3
Leucanthemopsis_alpina,0.016949153,9.596937419,2011,PT3
Leucanthemopsis_alpina,0.016949153,9.596937419,2011,PT3
Leucanthemopsis_alpina,0.016949153,9.596937419,2011,PT3
Leucanthemopsis_alpina,0.016949153,9.596937419,2011,PT3
Leucanthemopsis_alpina,0.016949153,9.596937419,2011,PT3
Leucanthemopsis_alpina,0.016949153,9.596937419,2011,PT3
Leucanthemopsis_alpina,0.016949153,9.596937419,2011,PT3
Leucanthemopsis_alpina,0.016949153,9.596937419,2011,PT3
Leucanthemopsis_alpina,0.016949153,9.596937419,2011,PT3
Leucanthemopsis_alpina,0.016949153,9.596937419,2011,PT5
Leucanthemopsis_alpina,0.016949153,9.596937419,2011,PT5
Leucanthemopsis_alpina,0.016949153,9.596937419,2011,PT5
Leucanthemopsis_alpina,0.016949153,9.596937419,2011,PT5
Leucanthemopsis_alpina,0.016949153,9.008321558,2012,PC4
Leucanthemopsis_alpina,0.016949153,9.008321558,2012,PC4
Leucanthemopsis_alpina,0.016949153,10.860931,2012,PT4
Leucanthemopsis_alpina,0.016949153,10.860931,2012,PT4
Leucanthemopsis_alpina,0.016949153,10.860931,2012,PT4
Leucanthemopsis_alpina,0.016949153,11.17698276,2012,ST4
Leucanthemopsis_alpina,0.016949153,10.79824713,2012,ST5
Leucanthemopsis_alpina,0.016949153,10.79824713,2012,ST5
Leucanthemopsis_alpina,0.016949153,10.79824713,2012,ST5
Leucanthemopsis_alpina,0.016949153,10.79824713,2012,ST5
Leucanthemopsis_alpina,0.016949153,9.029051068,2013,SC1
Leucanthemopsis_alpina,0.016949153,9.029051068,2013,SC1
Leucanthemopsis_alpina,0.017241379,9.033967174,2010,SC3
Leucanthemopsis_alpina,0.017241379,9.033967174,2010,SC3
Leucanthemopsis_alpina,0.017241379,9.033967174,2010,SC3
Leucanthemopsis_alpina,0.017241379,9.033967174,2010,SC3
Leucanthemopsis_alpina,0.017241379,9.533348789,2011,PT1
Leucanthemopsis_alpina,0.017241379,9.533348789,2011,PT1
Leucanthemopsis_alpina,0.017241379,9.533348789,2011,PT1
Leucanthemopsis_alpina,0.017241379,9.533348789,2011,PT1
Leucanthemopsis_alpina,0.017241379,9.533348789,2011,PT1
Leucanthemopsis_alpina,0.017241379,9.533348789,2011,PT1
Leucanthemopsis_alpina,0.017241379,9.140544827,2012,PC2
Leucanthemopsis_alpina,0.017241379,9.140544827,2012,PC2
Leucanthemopsis_alpina,0.017241379,11.10356307,2012,PT2
Leucanthemopsis_alpina,0.017241379,9.013537362,2013,SC2
Leucanthemopsis_alpina,0.017241379,9.013537362,2013,SC2
Leucanthemopsis_alpina,0.01754386,8.982708962,2010,SC1
Leucanthemopsis_alpina,0.01754386,8.982708962,2010,SC1
Leucanthemopsis_alpina,0.01754386,10.58360433,2010,ST2
Leucanthemopsis_alpina,0.01754386,10.58360433,2010,ST2
Leucanthemopsis_alpina,0.01754386,10.58360433,2010,ST2
Leucanthemopsis_alpina,0.01754386,9.138148306,2012,PC5
Leucanthemopsis_alpina,0.01754386,9.138148306,2012,PC5
Leucanthemopsis_alpina,0.01754386,11.07022988,2012,PT3
Leucanthemopsis_alpina,0.01754386,11.07022988,2012,PT3
Leucanthemopsis_alpina,0.01754386,11.07022988,2012,PT3
Leucanthemopsis_alpina,0.01754386,11.07022988,2012,PT5
Leucanthemopsis_alpina,0.01754386,11.07022988,2012,PT5
Leucanthemopsis_alpina,0.01754386,11.07022988,2012,PT5
Leucanthemopsis_alpina,0.01754386,11.07022988,2012,PT5
Leucanthemopsis_alpina,0.01754386,11.07022988,2012,PT5
Leucanthemopsis_alpina,0.01754386,9.744225376,2013,PT3
Leucanthemopsis_alpina,0.01754386,9.744225376,2013,PT3
Leucanthemopsis_alpina,0.01754386,9.744225376,2013,PT5
Leucanthemopsis_alpina,0.017857143,10.49949954,2010,ST3
Leucanthemopsis_alpina,0.017857143,10.49949954,2010,ST3
Leucanthemopsis_alpina,0.017857143,10.49949954,2010,ST3
Leucanthemopsis_alpina,0.017857143,10.49949954,2010,ST3
Leucanthemopsis_alpina,0.017857143,10.49949954,2010,ST3
Leucanthemopsis_alpina,0.017857143,10.49949954,2010,ST3
Leucanthemopsis_alpina,0.017857143,10.49949954,2010,ST3
Leucanthemopsis_alpina,0.017857143,10.49949954,2010,ST3
Leucanthemopsis_alpina,0.017857143,10.49949954,2010,ST3
Leucanthemopsis_alpina,0.017857143,10.49949954,2010,ST3
Leucanthemopsis_alpina,0.017857143,11.03144498,2012,PT1
Leucanthemopsis_alpina,0.017857143,11.03144498,2012,PT1
Leucanthemopsis_alpina,0.017857143,11.03144498,2012,PT1
Leucanthemopsis_alpina,0.017857143,11.03144498,2012,PT1
Leucanthemopsis_alpina,0.017857143,11.03144498,2012,PT1
Leucanthemopsis_alpina,0.017857143,11.03144498,2012,PT1
Leucanthemopsis_alpina,0.017857143,9.744412414,2013,PT1
Leucanthemopsis_alpina,0.017857143,9.744412414,2013,PT1
Leucanthemopsis_alpina,0.018181818,8.871117002,2012,SC1
Leucanthemopsis_alpina,0.018181818,8.882067479,2012,SC4
Leucanthemopsis_alpina,0.018181818,8.882067479,2012,SC4
Leucanthemopsis_alpina,0.018181818,8.882067479,2012,SC4
Leucanthemopsis_alpina,0.018181818,10.90195959,2012,ST3
Leucanthemopsis_alpina,0.018181818,8.76367847,2013,PT4
Leucanthemopsis_alpina,0.018181818,8.76367847,2013,PT4
Leucanthemopsis_alpina,0.018181818,10.72860567,2013,ST4
Leucanthemopsis_alpina,0.018181818,10.72860567,2013,ST4
Leucanthemopsis_alpina,0.018181818,10.72860567,2013,ST4
Leucanthemopsis_alpina,0.018181818,10.72860567,2013,ST4
Leucanthemopsis_alpina,0.018518519,7.004066431,2010,PC4
Leucanthemopsis_alpina,0.018518519,7.004066431,2010,PC4
Leucanthemopsis_alpina,0.018518519,8.944888318,2010,PT4
Leucanthemopsis_alpina,0.018518519,8.944888318,2010,PT4
Leucanthemopsis_alpina,0.018518519,8.944888318,2010,PT4
Leucanthemopsis_alpina,0.018518519,8.944888318,2010,PT4
Leucanthemopsis_alpina,0.018518519,8.944888318,2010,PT4
Leucanthemopsis_alpina,0.018518519,8.944888318,2010,PT4
Leucanthemopsis_alpina,0.018518519,9.107219773,2011,PT4
Leucanthemopsis_alpina,0.018518519,9.107219773,2011,PT4
Leucanthemopsis_alpina,0.018518519,9.107219773,2011,PT4
Leucanthemopsis_alpina,0.018518519,10.85152983,2012,PT4
Leucanthemopsis_alpina,0.018518519,10.85152983,2012,PT4
Leucanthemopsis_alpina,0.018518519,10.85152983,2012,PT4
Leucanthemopsis_alpina,0.018518519,10.85152983,2012,PT4
Leucanthemopsis_alpina,0.018518519,10.85152983,2012,PT4
Leucanthemopsis_alpina,0.018518519,10.85152983,2012,PT4
Leucanthemopsis_alpina,0.018518519,10.77019654,2012,ST4
Leucanthemopsis_alpina,0.018518519,10.77019654,2012,ST4
Leucanthemopsis_alpina,0.018518519,10.77019654,2012,ST4
Leucanthemopsis_alpina,0.018518519,10.77019654,2012,ST4
Leucanthemopsis_alpina,0.018518519,10.77019654,2012,ST4
Leucanthemopsis_alpina,0.018518519,10.77019654,2012,ST4
Leucanthemopsis_alpina,0.018518519,7.479677481,2014,PT2
Leucanthemopsis_alpina,0.018867925,10.70816315,2012,PT2
Leucanthemopsis_alpina,0.018867925,10.70816315,2012,PT2
Leucanthemopsis_alpina,0.018867925,10.70816315,2012,PT2
Leucanthemopsis_alpina,0.018867925,10.70816315,2012,PT2
Leucanthemopsis_alpina,0.018867925,10.70816315,2012,PT2
Leucanthemopsis_alpina,0.018867925,10.70816315,2012,PT2
Leucanthemopsis_alpina,0.018867925,10.70816315,2012,PT2
Leucanthemopsis_alpina,0.018867925,10.70816315,2012,PT2
Leucanthemopsis_alpina,0.018867925,10.70816315,2012,PT2
Leucanthemopsis_alpina,0.018867925,10.70816315,2012,PT2
Leucanthemopsis_alpina,0.018867925,10.70816315,2012,PT2
Leucanthemopsis_alpina,0.018867925,10.70816315,2012,PT2
Leucanthemopsis_alpina,0.018867925,10.70816315,2012,PT2
Leucanthemopsis_alpina,0.018867925,10.75081731,2012,ST5
Leucanthemopsis_alpina,0.018867925,10.75081731,2012,ST5
Leucanthemopsis_alpina,0.019230769,10.33387287,2010,ST4
Leucanthemopsis_alpina,0.019230769,10.33387287,2010,ST4
Leucanthemopsis_alpina,0.019230769,10.33387287,2010,ST4
Leucanthemopsis_alpina,0.019230769,10.33387287,2010,ST4
Leucanthemopsis_alpina,0.019230769,10.33387287,2010,ST4
Leucanthemopsis_alpina,0.019230769,10.33387287,2010,ST5
Leucanthemopsis_alpina,0.019230769,10.33387287,2010,ST5
Leucanthemopsis_alpina,0.019230769,10.66380906,2012,PT3
Leucanthemopsis_alpina,0.019230769,10.66380906,2012,PT3
Leucanthemopsis_alpina,0.019230769,10.28609183,2013,PT3
Leucanthemopsis_alpina,0.019607843,10.61301726,2012,PT1
Leucanthemopsis_alpina,0.019607843,10.61301726,2012,PT1
Leucanthemopsis_alpina,0.019607843,10.29713491,2013,PT1
Leucanthemopsis_alpina,0.019607843,10.29713491,2013,PT1
Leucanthemopsis_alpina,0.019607843,10.29713491,2013,PT1
Leucanthemopsis_alpina,0.020833333,10.16548661,2010,PT1
Leucanthemopsis_alpina,0.020833333,10.16548661,2010,PT1
Leucanthemopsis_alpina,0.020833333,10.16548661,2010,PT1
Leucanthemopsis_alpina,0.020833333,10.16548661,2010,PT1
Leucanthemopsis_alpina,0.020833333,10.16548661,2010,PT1
Leucanthemopsis_alpina,0.020833333,10.16548661,2010,PT1
Leucanthemopsis_alpina,0.020833333,10.16548661,2010,PT1
Leucanthemopsis_alpina,0.020833333,10.16548661,2010,PT1
Leucanthemopsis_alpina,0.020833333,10.16548661,2010,PT1
Leucanthemopsis_alpina,0.020833333,10.16548661,2010,PT1
Leucanthemopsis_alpina,0.020833333,10.16548661,2010,PT1
Leucanthemopsis_alpina,0.020833333,10.16548661,2010,PT1
Leucanthemopsis_alpina,0.020833333,10.16548661,2010,PT1
Leucanthemopsis_alpina,0.020833333,10.16548661,2010,PT1
Leucanthemopsis_alpina,0.020833333,10.16548661,2010,PT1
Leucanthemopsis_alpina,0.020833333,10.16548661,2010,PT1
Leucanthemopsis_alpina,0.020833333,10.16548661,2010,PT1
Leucanthemopsis_alpina,0.020833333,10.16548661,2010,PT1
Leucanthemopsis_alpina,0.020833333,10.16548661,2010,PT1
Leucanthemopsis_alpina,0.020833333,10.16548661,2010,PT2
Leucanthemopsis_alpina,0.020833333,10.16548661,2010,PT2
Leucanthemopsis_alpina,0.020833333,10.16548661,2010,PT2
Leucanthemopsis_alpina,0.020833333,10.16548661,2010,PT2
Leucanthemopsis_alpina,0.020833333,10.16548661,2010,PT2
Leucanthemopsis_alpina,0.020833333,10.16548661,2010,PT2
Leucanthemopsis_alpina,0.020833333,10.16548661,2010,PT2
Leucanthemopsis_alpina,0.020833333,10.16548661,2010,PT2
Leucanthemopsis_alpina,0.020833333,10.16548661,2010,PT2
Leucanthemopsis_alpina,0.020833333,10.16548661,2010,PT2
Leucanthemopsis_alpina,0.020833333,10.16548661,2010,PT2
Leucanthemopsis_alpina,0.020833333,10.16548661,2010,PT2
Leucanthemopsis_alpina,0.020833333,10.16548661,2010,PT2
Leucanthemopsis_alpina,0.020833333,10.16548661,2010,PT2
Leucanthemopsis_alpina,0.020833333,10.16548661,2010,PT2
Leucanthemopsis_alpina,0.020833333,10.16548661,2010,PT3
Leucanthemopsis_alpina,0.020833333,10.16548661,2010,PT3
Leucanthemopsis_alpina,0.020833333,10.16548661,2010,PT3
Leucanthemopsis_alpina,0.020833333,10.16548661,2010,PT3
Leucanthemopsis_alpina,0.020833333,10.16548661,2010,PT3
Leucanthemopsis_alpina,0.020833333,10.16548661,2010,PT3
Leucanthemopsis_alpina,0.020833333,10.16548661,2010,PT3
Leucanthemopsis_alpina,0.020833333,10.16548661,2010,PT3
Leucanthemopsis_alpina,0.020833333,10.16548661,2010,PT3
Leucanthemopsis_alpina,0.020833333,10.16548661,2010,PT3
Leucanthemopsis_alpina,0.020833333,10.16548661,2010,PT3
Leucanthemopsis_alpina,0.020833333,10.16548661,2010,PT3
Leucanthemopsis_alpina,0.020833333,10.16548661,2010,PT3
Leucanthemopsis_alpina,0.020833333,10.16548661,2010,PT3
Leucanthemopsis_alpina,0.020833333,10.16548661,2010,PT3
Leucanthemopsis_alpina,0.020833333,10.16548661,2010,PT3
Leucanthemopsis_alpina,0.020833333,10.16548661,2010,PT3
Leucanthemopsis_alpina,0.020833333,10.16548661,2010,PT3
Leucanthemopsis_alpina,0.020833333,10.16548661,2010,PT3
Leucanthemopsis_alpina,0.020833333,10.16548661,2010,PT3
Leucanthemopsis_alpina,0.020833333,10.16548661,2010,PT3
Leucanthemopsis_alpina,0.020833333,10.16548661,2010,PT3
Leucanthemopsis_alpina,0.020833333,10.16548661,2010,PT3
Leucanthemopsis_alpina,0.020833333,10.16548661,2010,PT5
Leucanthemopsis_alpina,0.020833333,10.16548661,2010,PT5
Leucanthemopsis_alpina,0.020833333,10.16548661,2010,PT5
Leucanthemopsis_alpina,0.02173913,10.43151549,2010,ST2
Leucanthemopsis_alpina,0.02173913,10.43151549,2010,ST2
Leucanthemopsis_alpina,0.023255814,9.513816295,2010,PT4
Leucanthemopsis_alpina,0.023255814,9.513816295,2010,PT4
Leucanthemopsis_alpina,0.027027027,9.816744358,2010,PT1
Veronica_alpina,0.010869565,7.861794418,2011,SC2
Veronica_alpina,0.011235955,6.587837134,2014,PT3
Veronica_alpina,0.011235955,6.587837134,2014,PT3
Veronica_alpina,0.011235955,6.587837134,2014,PT3
Veronica_alpina,0.011235955,6.753564492,2014,ST5
Veronica_alpina,0.011363636,6.51680279,2014,PT1
Veronica_alpina,0.011363636,6.673835061,2014,ST4
Veronica_alpina,0.011363636,6.673835061,2014,ST4
Veronica_alpina,0.012048193,7.246035674,2014,ST3
Veronica_alpina,0.012195122,7.920165699,2011,PC2
Veronica_alpina,0.012195122,7.920165699,2011,PC3
Veronica_alpina,0.012195122,7.920165699,2011,PC3
Veronica_alpina,0.012195122,7.920165699,2011,PC3
Veronica_alpina,0.012195122,7.920165699,2011,PC3
Veronica_alpina,0.012195122,7.920165699,2011,PC3
Veronica_alpina,0.012345679,6.924020153,2014,PT3
Veronica_alpina,0.012345679,6.924020153,2014,PT3
Veronica_alpina,0.012345679,6.924020153,2014,PT5
Veronica_alpina,0.012345679,6.924020153,2014,PT5
Veronica_alpina,0.012345679,7.094686566,2014,ST5
Veronica_alpina,0.0125,7.01120127,2014,ST4
Veronica_alpina,0.012658228,7.871221738,2010,SC3
Veronica_alpina,0.012658228,7.871221738,2010,SC3
Veronica_alpina,0.012658228,7.871221738,2010,SC3
Veronica_alpina,0.012658228,7.871221738,2010,SC3
Veronica_alpina,0.012658228,7.871221738,2010,SC3
Veronica_alpina,0.012658228,7.871221738,2010,SC3
Veronica_alpina,0.012658228,7.871221738,2010,SC3
Veronica_alpina,0.012658228,7.871221738,2010,SC3
Veronica_alpina,0.012658228,7.871221738,2010,SC3
Veronica_alpina,0.012658228,7.750845268,2011,SC1
Veronica_alpina,0.012658228,7.750845268,2011,SC2
Veronica_alpina,0.012658228,7.750845268,2011,SC2
Veronica_alpina,0.012658228,7.750845268,2011,SC2
Veronica_alpina,0.012658228,9.470790257,2013,ST1
Veronica_alpina,0.012820513,7.818842448,2010,SC1
Veronica_alpina,0.012820513,7.818842448,2010,SC2
Veronica_alpina,0.012820513,7.818842448,2010,SC2
Veronica_alpina,0.012820513,7.818842448,2010,SC2
Veronica_alpina,0.012820513,7.818842448,2010,SC2
Veronica_alpina,0.012820513,7.818842448,2010,SC2
Veronica_alpina,0.012820513,7.818842448,2010,SC2
Veronica_alpina,0.012820513,9.37766733,2010,ST1
Veronica_alpina,0.012820513,9.37766733,2010,ST1
Veronica_alpina,0.012820513,9.37766733,2010,ST1
Veronica_alpina,0.012820513,7.761260467,2011,SC3
Veronica_alpina,0.012820513,7.761260467,2011,SC3
Veronica_alpina,0.012820513,7.761260467,2011,SC3
Veronica_alpina,0.012820513,7.761260467,2011,SC3
Veronica_alpina,0.012820513,9.592133171,2011,ST3
Veronica_alpina,0.012820513,8.392562043,2012,PC5
Veronica_alpina,0.012820513,8.392562043,2012,PC5
Veronica_alpina,0.012820513,7.62052608,2013,SC3
Veronica_alpina,0.012820513,7.62052608,2013,SC3
Veronica_alpina,0.012820513,7.62052608,2013,SC3
Veronica_alpina,0.012820513,7.62052608,2013,SC3
Veronica_alpina,0.012820513,9.41019919,2013,ST1
Veronica_alpina,0.012987013,9.300934429,2010,ST3
Veronica_alpina,0.012987013,7.720242412,2011,PC4
Veronica_alpina,0.012987013,9.607150222,2011,ST1
Veronica_alpina,0.012987013,9.607150222,2011,ST1
Veronica_alpina,0.012987013,9.607150222,2011,ST1
Veronica_alpina,0.012987013,9.607150222,2011,ST1
Veronica_alpina,0.012987013,9.607150222,2011,ST1
Veronica_alpina,0.012987013,7.577340255,2013,SC4
Veronica_alpina,0.012987013,7.577340255,2013,SC4
Veronica_alpina,0.012987013,7.577340255,2013,SC4
Veronica_alpina,0.012987013,7.577340255,2013,SC4
Veronica_alpina,0.012987013,9.76929902,2013,ST3
Veronica_alpina,0.012987013,9.342936373,2013,ST4
Veronica_alpina,0.013157895,7.557820113,2013,SC5
Veronica_alpina,0.013157895,7.557820113,2013,SC5
Veronica_alpina,0.013157895,9.325643791,2013,ST5
Veronica_alpina,0.013333333,7.660345247,2010,SC4
Veronica_alpina,0.013333333,7.660345247,2010,SC4
Veronica_alpina,0.013333333,8.255182212,2012,PC4
Veronica_alpina,0.013333333,8.255182212,2012,PC4
Veronica_alpina,0.013333333,8.255182212,2012,PC4
Veronica_alpina,0.013333333,8.255182212,2012,PC4
Veronica_alpina,0.013513514,8.798381224,2013,PT5
Veronica_alpina,0.01369863,9.117028585,2010,ST5
Veronica_alpina,0.01369863,9.117028585,2010,ST5
Veronica_alpina,0.01369863,9.68898513,2011,ST5
Veronica_alpina,0.01369863,9.68898513,2011,ST5
Veronica_alpina,0.01369863,9.68898513,2011,ST5
Veronica_alpina,0.01369863,7.424486929,2013,PC2
Veronica_alpina,0.01369863,8.785387377,2013,PT1
Veronica_alpina,0.01369863,7.776592706,2013,SC3
Veronica_alpina,0.01369863,9.599896472,2013,ST1
Veronica_alpina,0.013888889,9.53056863,2013,ST4
Veronica_alpina,0.013888889,7.184190693,2014,ST4
Veronica_alpina,0.014084507,7.881613529,2011,SC4
Veronica_alpina,0.014084507,7.881613529,2011,SC4
Veronica_alpina,0.014084507,7.881613529,2011,SC4
Veronica_alpina,0.014084507,9.6895728,2011,ST4
Veronica_alpina,0.014084507,9.6895728,2011,ST4
Veronica_alpina,0.014084507,9.6895728,2011,ST4
Veronica_alpina,0.014084507,9.929372864,2013,ST3
Veronica_alpina,0.014492754,7.091716285,2010,PC3
Veronica_alpina,0.014492754,9.113805049,2010,PT1
Veronica_alpina,0.014492754,9.113805049,2010,PT1
Veronica_alpina,0.014492754,9.113805049,2010,PT2
Veronica_alpina,0.014492754,9.113805049,2010,PT2
Veronica_alpina,0.014492754,9.113805049,2010,PT2
Veronica_alpina,0.014492754,9.113805049,2010,PT2
Veronica_alpina,0.014492754,9.113805049,2010,PT3
Veronica_alpina,0.014492754,9.113805049,2010,PT3
Veronica_alpina,0.014492754,8.28970257,2010,SC3
Veronica_alpina,0.014492754,8.28970257,2010,SC3
Veronica_alpina,0.014492754,8.28970257,2010,SC3
Veronica_alpina,0.014492754,8.28970257,2010,SC3
Veronica_alpina,0.014492754,7.838156936,2011,PC3
Veronica_alpina,0.014492754,7.838156936,2011,PC3
Veronica_alpina,0.014492754,7.838156936,2011,PC3
Veronica_alpina,0.014492754,7.838156936,2011,PC3
Veronica_alpina,0.014492754,7.838156936,2011,PC3
Veronica_alpina,0.014492754,7.838156936,2011,PC3
Veronica_alpina,0.014492754,7.838156936,2011,PC3
Veronica_alpina,0.014492754,7.838156936,2011,PC3
Veronica_alpina,0.014492754,7.838156936,2011,PC3
Veronica_alpina,0.014492754,7.838156936,2011,PC5
Veronica_alpina,0.014492754,9.713353893,2011,PT2
Veronica_alpina,0.014492754,9.713353893,2011,PT2
Veronica_alpina,0.014492754,9.713353893,2011,PT2
Veronica_alpina,0.014492754,9.713353893,2011,PT2
Veronica_alpina,0.014492754,9.713353893,2011,PT2
Veronica_alpina,0.014492754,9.713353893,2011,PT3
Veronica_alpina,0.014492754,9.713353893,2011,PT3
Veronica_alpina,0.014492754,9.713353893,2011,PT3
Veronica_alpina,0.014492754,9.713353893,2011,PT3
Veronica_alpina,0.014492754,9.713353893,2011,PT3
Veronica_alpina,0.014492754,9.713353893,2011,PT5
Veronica_alpina,0.014492754,9.713353893,2011,PT5
Veronica_alpina,0.014492754,9.713353893,2011,PT5
Veronica_alpina,0.014492754,9.713353893,2011,PT5
Veronica_alpina,0.014492754,9.444390182,2011,ST2
Veronica_alpina,0.014492754,9.444390182,2011,ST2
Veronica_alpina,0.014492754,9.444390182,2011,ST2
Veronica_alpina,0.014492754,9.444390182,2011,ST2
Veronica_alpina,0.014492754,8.651099667,2012,PC3
Veronica_alpina,0.014492754,8.651099667,2012,PC3
Veronica_alpina,0.014492754,8.651099667,2012,PC3
Veronica_alpina,0.014492754,8.651099667,2012,PC3
Veronica_alpina,0.014492754,8.651099667,2012,PC3
Veronica_alpina,0.014492754,8.651099667,2012,PC3
Veronica_alpina,0.014492754,8.651099667,2012,PC3
Veronica_alpina,0.014492754,8.651099667,2012,PC3
Veronica_alpina,0.014492754,8.651099667,2012,PC3
Veronica_alpina,0.014492754,8.651099667,2012,PC5
Veronica_alpina,0.014492754,8.651099667,2012,PC5
Veronica_alpina,0.014492754,8.651099667,2012,PC5
Veronica_alpina,0.014492754,8.994659255,2013,PT3
Veronica_alpina,0.014492754,7.978305216,2013,SC2
Veronica_alpina,0.014492754,7.978305216,2013,SC2
Veronica_alpina,0.014492754,7.978305216,2013,SC2
Veronica_alpina,0.014705882,8.235751458,2010,SC2
Veronica_alpina,0.014705882,9.875521907,2010,ST1
Veronica_alpina,0.014705882,9.875521907,2010,ST1
Veronica_alpina,0.014705882,9.875521907,2010,ST1
Veronica_alpina,0.014705882,9.875521907,2010,ST1
Veronica_alpina,0.014705882,9.875521907,2010,ST1
Veronica_alpina,0.014705882,9.875521907,2010,ST1
Veronica_alpina,0.014705882,9.875521907,2010,ST1
Veronica_alpina,0.014705882,9.660993663,2011,PT1
Veronica_alpina,0.014705882,9.45489973,2011,ST3
Veronica_alpina,0.014705882,9.45489973,2011,ST3
Veronica_alpina,0.014705882,9.45489973,2011,ST3
Veronica_alpina,0.014705882,9.45489973,2011,ST3
Veronica_alpina,0.014705882,9.45489973,2011,ST3
Veronica_alpina,0.014705882,9.45489973,2011,ST3
Veronica_alpina,0.014705882,9.45489973,2011,ST3
Veronica_alpina,0.014705882,9.45489973,2011,ST3
Veronica_alpina,0.014705882,9.45489973,2011,ST3
Veronica_alpina,0.014705882,9.45489973,2011,ST3
Veronica_alpina,0.014705882,9.45489973,2011,ST3
Veronica_alpina,0.014705882,7.585961388,2013,PC5
Veronica_alpina,0.014705882,8.98362524,2013,PT1
Veronica_alpina,0.014705882,8.98362524,2013,PT1
Veronica_alpina,0.014925373,9.794706059,2010,ST3
Veronica_alpina,0.014925373,9.794706059,2010,ST3
Veronica_alpina,0.014925373,9.794706059,2010,ST3
Veronica_alpina,0.014925373,9.794706059,2010,ST3
Veronica_alpina,0.014925373,9.794706059,2010,ST3
Veronica_alpina,0.014925373,9.470112798,2011,ST1
Veronica_alpina,0.014925373,9.470112798,2011,ST1
Veronica_alpina,0.014925373,9.470112798,2011,ST1
Veronica_alpina,0.014925373,9.470112798,2011,ST1
Veronica_alpina,0.014925373,9.290120399,2012,SC2
Veronica_alpina,0.014925373,9.290120399,2012,SC2
Veronica_alpina,0.014925373,9.290120399,2012,SC2
Veronica_alpina,0.014925373,9.290120399,2012,SC2
Veronica_alpina,0.014925373,9.290120399,2012,SC2
Veronica_alpina,0.014925373,9.290120399,2012,SC2
Veronica_alpina,0.014925373,9.290120399,2012,SC2
Veronica_alpina,0.014925373,9.290120399,2012,SC2
Veronica_alpina,0.014925373,9.290120399,2012,SC2
Veronica_alpina,0.014925373,9.290120399,2012,SC2
Veronica_alpina,0.014925373,9.290120399,2012,SC2
Veronica_alpina,0.014925373,7.920643747,2013,SC3
Veronica_alpina,0.014925373,7.920643747,2013,SC3
Veronica_alpina,0.014925373,7.920643747,2013,SC3
Veronica_alpina,0.015151515,8.506630518,2012,PC4
Veronica_alpina,0.015151515,9.27007327,2012,SC1
Veronica_alpina,0.015151515,9.27007327,2012,SC1
Veronica_alpina,0.015151515,8.396722627,2013,PT4
Veronica_alpina,0.015151515,8.396722627,2013,PT4
Veronica_alpina,0.015151515,8.396722627,2013,PT4
Veronica_alpina,0.015151515,8.396722627,2013,PT4
Veronica_alpina,0.015151515,8.396722627,2013,PT4
Veronica_alpina,0.015151515,9.680919196,2013,ST4
Veronica_alpina,0.015151515,9.680919196,2013,ST4
Veronica_alpina,0.015151515,9.680919196,2013,ST4
Veronica_alpina,0.015384615,9.299693655,2012,SC4
Veronica_alpina,0.015384615,9.242178777,2012,SC5
Veronica_alpina,0.015384615,9.242178777,2012,SC5
Veronica_alpina,0.015384615,9.242178777,2012,SC5
Veronica_alpina,0.015384615,9.242178777,2012,SC5
Veronica_alpina,0.015384615,10.44335509,2013,ST3
Veronica_alpina,0.015384615,10.44335509,2013,ST3
Veronica_alpina,0.015384615,9.665935433,2013,ST5
Veronica_alpina,0.015384615,9.665935433,2013,ST5
Veronica_alpina,0.015384615,9.665935433,2013,ST5
Veronica_alpina,0.015384615,9.665935433,2013,ST5
Veronica_alpina,0.015384615,9.665935433,2013,ST5
Veronica_alpina,0.015625,8.595891382,2010,PT4
Veronica_alpina,0.015625,8.595891382,2010,PT4
Veronica_alpina,0.015625,8.595891382,2010,PT4
Veronica_alpina,0.015625,8.595891382,2010,PT4
Veronica_alpina,0.015625,8.595891382,2010,PT4
Veronica_alpina,0.015625,8.595891382,2010,PT4
Veronica_alpina,0.015625,8.595891382,2010,PT4
Veronica_alpina,0.015625,8.595891382,2010,PT4
Veronica_alpina,0.015625,8.595891382,2010,PT4
Veronica_alpina,0.015625,8.595891382,2010,PT4
Veronica_alpina,0.015625,9.310608609,2011,PT4
Veronica_alpina,0.015625,9.310608609,2011,PT4
Veronica_alpina,0.015625,9.310608609,2011,PT4
Veronica_alpina,0.015625,9.310608609,2011,PT4
Veronica_alpina,0.015625,9.310608609,2011,PT4
Veronica_alpina,0.015625,9.310608609,2011,PT4
Veronica_alpina,0.015625,9.310608609,2011,PT4
Veronica_alpina,0.015873016,9.612994217,2010,ST4
Veronica_alpina,0.015873016,9.612994217,2010,ST4
Veronica_alpina,0.015873016,9.612994217,2010,ST4
Veronica_alpina,0.015873016,9.612994217,2010,ST4
Veronica_alpina,0.015873016,9.612994217,2010,ST4
Veronica_alpina,0.015873016,9.612994217,2010,ST4
Veronica_alpina,0.015873016,9.612994217,2010,ST4
Veronica_alpina,0.015873016,9.612994217,2010,ST4
Veronica_alpina,0.015873016,9.612994217,2010,ST4
Veronica_alpina,0.015873016,9.612994217,2010,ST4
Veronica_alpina,0.015873016,9.612994217,2010,ST4
Veronica_alpina,0.015873016,9.612994217,2010,ST4
Veronica_alpina,0.015873016,9.612994217,2010,ST4
Veronica_alpina,0.015873016,9.612994217,2010,ST4
Veronica_alpina,0.015873016,9.612994217,2010,ST5
Veronica_alpina,0.015873016,9.612994217,2010,ST5
Veronica_alpina,0.015873016,9.612994217,2010,ST5
Veronica_alpina,0.015873016,9.55630576,2011,ST5
Veronica_alpina,0.015873016,9.55630576,2011,ST5
Veronica_alpina,0.015873016,9.146793452,2012,PC2
Veronica_alpina,0.015873016,9.146793452,2012,PC2
Veronica_alpina,0.015873016,9.146793452,2012,PC2
Veronica_alpina,0.015873016,9.189249936,2013,PT3
Veronica_alpina,0.015873016,9.189249936,2013,PT3
Veronica_alpina,0.015873016,9.189249936,2013,PT3
Veronica_alpina,0.015873016,9.189249936,2013,PT5
Veronica_alpina,0.015873016,9.189249936,2013,PT5
Veronica_alpina,0.015873016,9.189249936,2013,PT5
Veronica_alpina,0.015873016,8.496420774,2013,SC2
Veronica_alpina,0.016129032,9.144695804,2012,PC3
Veronica_alpina,0.016129032,9.144695804,2012,PC3
Veronica_alpina,0.016129032,9.144695804,2012,PC5
Veronica_alpina,0.016129032,9.144695804,2012,PC5
Veronica_alpina,0.016393443,9.55256873,2011,ST4
Veronica_alpina,0.016393443,9.55256873,2011,ST4
Veronica_alpina,0.016393443,9.55256873,2011,ST4
Veronica_alpina,0.016393443,9.55256873,2011,ST4
Veronica_alpina,0.016393443,9.55256873,2011,ST4
Veronica_alpina,0.016393443,9.55256873,2011,ST4
Veronica_alpina,0.016393443,9.55256873,2011,ST4
Veronica_alpina,0.016393443,9.55256873,2011,ST4
Veronica_alpina,0.016393443,9.55256873,2011,ST4
Veronica_alpina,0.016393443,9.55256873,2011,ST4
Veronica_alpina,0.016393443,9.55256873,2011,ST4
Veronica_alpina,0.016393443,9.55256873,2011,ST4
Veronica_alpina,0.016393443,9.55256873,2011,ST4
Veronica_alpina,0.016393443,11.02553984,2012,PT1
Veronica_alpina,0.016393443,9.263268139,2012,SC3
Veronica_alpina,0.016393443,9.263268139,2012,SC3
Veronica_alpina,0.016393443,9.263268139,2012,SC3
Veronica_alpina,0.016393443,9.263268139,2012,SC3
Veronica_alpina,0.016393443,9.263268139,2012,SC3
Veronica_alpina,0.016393443,9.263268139,2012,SC3
Veronica_alpina,0.016393443,9.263268139,2012,SC3
Veronica_alpina,0.016393443,10.93269418,2012,ST3
Veronica_alpina,0.016393443,10.93269418,2012,ST3
Veronica_alpina,0.016393443,10.93269418,2012,ST3
Veronica_alpina,0.016393443,10.93269418,2012,ST3
Veronica_alpina,0.016393443,10.93269418,2012,ST3
Veronica_alpina,0.016393443,10.93269418,2012,ST3
Veronica_alpina,0.016393443,9.151729607,2013,PT2
Veronica_alpina,0.016393443,9.151729607,2013,PT2
Veronica_alpina,0.016393443,9.151729607,2013,PT2
Veronica_alpina,0.016666667,9.292772684,2012,SC4
Veronica_alpina,0.016666667,9.292772684,2012,SC4
Veronica_alpina,0.016666667,10.85283625,2012,ST1
Veronica_alpina,0.016666667,10.85283625,2012,ST1
Veronica_alpina,0.016666667,10.85283625,2012,ST1
Veronica_alpina,0.016666667,10.85283625,2012,ST1
Veronica_alpina,0.016666667,10.85283625,2012,ST1
Veronica_alpina,0.016666667,10.85283625,2012,ST1
Veronica_alpina,0.016666667,10.85283625,2012,ST1
Veronica_alpina,0.016666667,10.93459422,2013,ST3
Veronica_alpina,0.016666667,10.93459422,2013,ST3
Veronica_alpina,0.016666667,10.21319276,2013,ST4
Veronica_alpina,0.016666667,10.21319276,2013,ST4
Veronica_alpina,0.016666667,10.21319276,2013,ST4
Veronica_alpina,0.016949153,9.522011502,2010,PT2
Veronica_alpina,0.016949153,9.522011502,2010,PT2
Veronica_alpina,0.016949153,9.522011502,2010,PT2
Veronica_alpina,0.016949153,9.522011502,2010,PT2
Veronica_alpina,0.016949153,9.522011502,2010,PT2
Veronica_alpina,0.016949153,9.522011502,2010,PT2
Veronica_alpina,0.016949153,9.522011502,2010,PT2
Veronica_alpina,0.016949153,9.522011502,2010,PT2
Veronica_alpina,0.016949153,9.522011502,2010,PT3
Veronica_alpina,0.016949153,9.522011502,2010,PT3
Veronica_alpina,0.016949153,9.522011502,2010,PT3
Veronica_alpina,0.016949153,9.522011502,2010,PT3
Veronica_alpina,0.016949153,9.522011502,2010,PT3
Veronica_alpina,0.016949153,9.522011502,2010,PT3
Veronica_alpina,0.016949153,9.522011502,2010,PT3
Veronica_alpina,0.016949153,9.522011502,2010,PT3
Veronica_alpina,0.016949153,9.522011502,2010,PT3
Veronica_alpina,0.016949153,9.522011502,2010,PT3
Veronica_alpina,0.016949153,9.522011502,2010,PT3
Veronica_alpina,0.016949153,9.522011502,2010,PT3
Veronica_alpina,0.016949153,9.522011502,2010,PT3
Veronica_alpina,0.016949153,9.522011502,2010,PT3
Veronica_alpina,0.016949153,9.522011502,2010,PT3
Veronica_alpina,0.016949153,9.522011502,2010,PT3
Veronica_alpina,0.016949153,9.522011502,2010,PT3
Veronica_alpina,0.016949153,9.522011502,2010,PT3
Veronica_alpina,0.016949153,9.522011502,2010,PT3
Veronica_alpina,0.016949153,9.522011502,2010,PT5
Veronica_alpina,0.016949153,9.522011502,2010,PT5
Veronica_alpina,0.016949153,9.522011502,2010,PT5
Veronica_alpina,0.016949153,9.522011502,2010,PT5
Veronica_alpina,0.016949153,9.522011502,2010,PT5
Veronica_alpina,0.016949153,9.522011502,2010,PT5
Veronica_alpina,0.016949153,9.522011502,2010,PT5
Veronica_alpina,0.016949153,9.522011502,2010,PT5
Veronica_alpina,0.016949153,9.522011502,2010,PT5
Veronica_alpina,0.016949153,9.522011502,2010,PT5
Veronica_alpina,0.016949153,9.522011502,2010,PT5
Veronica_alpina,0.016949153,9.522011502,2010,PT5
Veronica_alpina,0.016949153,9.522011502,2010,PT5
Veronica_alpina,0.016949153,9.522011502,2010,PT5
Veronica_alpina,0.016949153,9.522011502,2010,PT5
Veronica_alpina,0.016949153,9.522011502,2010,PT5
Veronica_alpina,0.016949153,9.522011502,2010,PT5
Veronica_alpina,0.016949153,9.522011502,2010,PT5
Veronica_alpina,0.016949153,9.522011502,2010,PT5
Veronica_alpina,0.016949153,9.522011502,2010,PT5
Veronica_alpina,0.016949153,9.522011502,2010,PT5
Veronica_alpina,0.016949153,9.522011502,2010,PT5
Veronica_alpina,0.016949153,9.596937419,2011,PT2
Veronica_alpina,0.016949153,9.596937419,2011,PT2
Veronica_alpina,0.016949153,9.596937419,2011,PT2
Veronica_alpina,0.016949153,9.596937419,2011,PT2
Veronica_alpina,0.016949153,9.596937419,2011,PT2
Veronica_alpina,0.016949153,9.596937419,2011,PT3
Veronica_alpina,0.016949153,9.596937419,2011,PT3
Veronica_alpina,0.016949153,9.596937419,2011,PT3
Veronica_alpina,0.016949153,9.596937419,2011,PT3
Veronica_alpina,0.016949153,9.596937419,2011,PT3
Veronica_alpina,0.016949153,9.596937419,2011,PT3
Veronica_alpina,0.016949153,9.596937419,2011,PT3
Veronica_alpina,0.016949153,9.596937419,2011,PT3
Veronica_alpina,0.016949153,9.596937419,2011,PT3
Veronica_alpina,0.016949153,9.596937419,2011,PT3
Veronica_alpina,0.016949153,9.596937419,2011,PT3
Veronica_alpina,0.016949153,9.596937419,2011,PT3
Veronica_alpina,0.016949153,9.596937419,2011,PT5
Veronica_alpina,0.016949153,9.596937419,2011,PT5
Veronica_alpina,0.016949153,9.596937419,2011,PT5
Veronica_alpina,0.016949153,9.596937419,2011,PT5
Veronica_alpina,0.016949153,9.596937419,2011,PT5
Veronica_alpina,0.016949153,9.596937419,2011,PT5
Veronica_alpina,0.016949153,9.596937419,2011,PT5
Veronica_alpina,0.016949153,9.596937419,2011,PT5
Veronica_alpina,0.016949153,9.596937419,2011,PT5
Veronica_alpina,0.016949153,9.596937419,2011,PT5
Veronica_alpina,0.016949153,10.860931,2012,PT4
Veronica_alpina,0.016949153,10.860931,2012,PT4
Veronica_alpina,0.016949153,10.860931,2012,PT4
Veronica_alpina,0.016949153,10.860931,2012,PT4
Veronica_alpina,0.016949153,10.860931,2012,PT4
Veronica_alpina,0.016949153,10.860931,2012,PT4
Veronica_alpina,0.016949153,10.860931,2012,PT4
Veronica_alpina,0.016949153,10.860931,2012,PT4
Veronica_alpina,0.016949153,10.860931,2012,PT4
Veronica_alpina,0.016949153,10.860931,2012,PT4
Veronica_alpina,0.016949153,10.860931,2012,PT4
Veronica_alpina,0.016949153,10.79824713,2012,ST5
Veronica_alpina,0.016949153,10.79824713,2012,ST5
Veronica_alpina,0.016949153,10.79824713,2012,ST5
Veronica_alpina,0.016949153,10.79824713,2012,ST5
Veronica_alpina,0.016949153,10.79824713,2012,ST5
Veronica_alpina,0.016949153,10.79824713,2012,ST5
Veronica_alpina,0.017241379,11.10356307,2012,PT2
Veronica_alpina,0.017241379,11.10356307,2012,PT2
Veronica_alpina,0.017241379,11.10356307,2012,PT2
Veronica_alpina,0.017241379,11.10356307,2012,PT2
Veronica_alpina,0.017241379,11.10356307,2012,PT2
Veronica_alpina,0.017241379,11.10356307,2012,PT2
Veronica_alpina,0.01754386,10.58360433,2010,ST1
Veronica_alpina,0.01754386,10.58360433,2010,ST1
Veronica_alpina,0.01754386,10.58360433,2010,ST1
Veronica_alpina,0.01754386,10.58360433,2010,ST2
Veronica_alpina,0.01754386,10.58360433,2010,ST2
Veronica_alpina,0.01754386,10.58360433,2010,ST2
Veronica_alpina,0.01754386,10.58360433,2010,ST2
Veronica_alpina,0.01754386,10.58360433,2010,ST2
Veronica_alpina,0.01754386,11.07022988,2012,PT3
Veronica_alpina,0.01754386,11.07022988,2012,PT3
Veronica_alpina,0.01754386,11.07022988,2012,PT3
Veronica_alpina,0.01754386,11.07022988,2012,PT3
Veronica_alpina,0.01754386,11.07022988,2012,PT3
Veronica_alpina,0.01754386,11.07022988,2012,PT3
Veronica_alpina,0.01754386,11.07022988,2012,PT3
Veronica_alpina,0.01754386,11.07022988,2012,PT5
Veronica_alpina,0.01754386,11.07022988,2012,PT5
Veronica_alpina,0.01754386,11.07022988,2012,PT5
Veronica_alpina,0.01754386,11.07022988,2012,PT5
Veronica_alpina,0.01754386,11.07022988,2012,PT5
Veronica_alpina,0.01754386,11.07022988,2012,PT5
Veronica_alpina,0.01754386,11.06871319,2012,ST2
Veronica_alpina,0.01754386,11.06871319,2012,ST2
Veronica_alpina,0.01754386,9.744225376,2013,PT3
Veronica_alpina,0.01754386,9.744225376,2013,PT3
Veronica_alpina,0.01754386,9.744225376,2013,PT5
Veronica_alpina,0.017857143,10.49949954,2010,ST3
Veronica_alpina,0.017857143,10.49949954,2010,ST3
Veronica_alpina,0.017857143,10.49949954,2010,ST3
Veronica_alpina,0.017857143,10.49949954,2010,ST3
Veronica_alpina,0.017857143,10.49949954,2010,ST3
Veronica_alpina,0.017857143,10.49949954,2010,ST3
Veronica_alpina,0.017857143,10.49949954,2010,ST3
Veronica_alpina,0.017857143,11.03144498,2012,PT1
Veronica_alpina,0.017857143,11.03144498,2012,PT1
Veronica_alpina,0.017857143,10.79757962,2013,ST1
Veronica_alpina,0.018181818,10.90195959,2012,ST3
Veronica_alpina,0.018181818,9.723090767,2013,PT2
Veronica_alpina,0.018181818,10.72860567,2013,ST4
Veronica_alpina,0.018181818,10.72860567,2013,ST4
Veronica_alpina,0.018518519,9.107219773,2011,PT4
Veronica_alpina,0.018518519,9.107219773,2011,PT4
Veronica_alpina,0.018518519,10.77019654,2012,ST4
Veronica_alpina,0.018518519,10.77019654,2012,ST4
Veronica_alpina,0.018518519,10.77019654,2012,ST4
Veronica_alpina,0.018518519,10.77019654,2012,ST4
Veronica_alpina,0.018518519,10.77019654,2012,ST4
Veronica_alpina,0.018518519,10.77019654,2012,ST4
Veronica_alpina,0.018518519,10.77019654,2012,ST4
Veronica_alpina,0.018518519,10.77019654,2012,ST4
Veronica_alpina,0.018518519,10.77019654,2012,ST4
Veronica_alpina,0.018518519,10.77019654,2012,ST4
Veronica_alpina,0.018867925,10.70816315,2012,PT2
Veronica_alpina,0.019230769,10.33387287,2010,ST4
Veronica_alpina,0.019230769,10.33387287,2010,ST4
Veronica_alpina,0.019230769,10.33387287,2010,ST4
Veronica_alpina,0.019230769,10.33387287,2010,ST4
Veronica_alpina,0.019230769,10.33387287,2010,ST4
Veronica_alpina,0.019230769,10.33387287,2010,ST4
Veronica_alpina,0.019230769,10.33387287,2010,ST4
Veronica_alpina,0.019230769,10.33387287,2010,ST4
Veronica_alpina,0.019230769,10.33387287,2010,ST4
Veronica_alpina,0.019230769,10.33387287,2010,ST4
Veronica_alpina,0.019230769,10.33387287,2010,ST4
Veronica_alpina,0.019230769,10.66380906,2012,PT3
Veronica_alpina,0.019230769,10.28609183,2013,PT3
Veronica_alpina,0.019230769,10.28609183,2013,PT3
Veronica_alpina,0.019230769,10.28609183,2013,PT5
Veronica_alpina,0.019230769,10.28609183,2013,PT5
Veronica_alpina,0.020833333,10.16548661,2010,PT5
Veronica_alpina,0.020833333,10.16548661,2010,PT5
Veronica_alpina,0.020833333,10.16548661,2010,PT5
Veronica_alpina,0.020833333,10.16548661,2010,PT5
Veronica_alpina,0.020833333,10.16548661,2010,PT5
Veronica_alpina,0.020833333,10.16548661,2010,PT5
Veronica_alpina,0.020833333,10.16548661,2010,PT5
Veronica_alpina,0.020833333,10.16548661,2010,PT5